No,Source,Title,Authors,Venue,Year,DOI,ValidityThreatened
41,IJCAI,Supervised deep features for software functional clone detection by exploiting lexical and syntactical information in source code,"Hui-Hui Wei, Ming Li",Proceedings of the Twenty-Sixth International Joint Conference on Artificial Intelligence,2017,10.24963/ijcai.2017/423,1
42,arXiv,CodeXGLUE: A Machine Learning Benchmark Dataset for Code,"Shuai Lu, Daya Guo, Shuo Ren, Junjie Huang, Alexey Svyatkovskiy, Ambrosio Blanco, Colin Clement, Dawn Drain, Daxin Jiang, Duyu Tang, Ge Li, Lidong Zhou, Linjun Shou, Long Zhou, Michele Tufano, Ming Gong, Ming Zhou, Nan Duan, Neel Sundaresan, Shao Kun Deng, Shengyu Fu, Shujie Liu",,2021,arXiv:2102.04664,1
43,ACM,Oreo: detection of clones in the twilight zone,"Saini, Vaibhav and Farmahinifarahani, Farima and Lu, Yadong and Baldi, Pierre and Lopes, Cristina V.",Proceedings of the 2018 26th ACM Joint Meeting on European Software Engineering Conference and Symposium on the Foundations of Software Engineering,2018,10.1145/3236024.3236026,1
44,ACM,DeepSim: deep learning code functional similarity,"Zhao, Gang and Huang, Jeff",Proceedings of the 2018 26th ACM Joint Meeting on European Software Engineering Conference and Symposium on the Foundations of Software Engineering,2018,10.1145/3236024.3236068,1
45,ACM,Capturing source code semantics via tree-based convolution over API-enhanced AST,"Chen, Long and Ye, Wei and Zhang, Shikun",Proceedings of the 16th ACM International Conference on Computing Frontiers,2019,10.1145/3310273.3321560,1
46,ACM,What You See is What it Means! Semantic Representation Learning of Code based on Visualization and Transfer Learning,"Keller, Patrick and Kabor\'{e}, Abdoul Kader and Plein, Laura and Klein, Jacques and Le Traon, Yves and Bissyand\'{e}, Tegawend\'{e} F.",ACM Transactions on Software Engineering and Methodology (TOSEM),2021,10.1145/3485135,1
47,ACM,Cross-language code search using static and dynamic analyses,"Mathew, George and Stolee, Kathryn T.",Proceedings of the 29th ACM Joint Meeting on European Software Engineering Conference and Symposium on the Foundations of Software Engineering,2021,10.1145/3468264.3468538,1
48,ACM,CCGraph: a PDG-based code clone detector with approximate graph matching,"Zou, Yue and Ban, Bihuan and Xue, Yinxing and Xu, Yun",Proceedings of the 35th IEEE/ACM International Conference on Automated Software Engineering,2021,10.1145/3324884.3416541,1
49,ACM,Self-Supervised Contrastive Learning for Code Retrieval and Summarization via Semantic-Preserving Transformations,"Bui, Nghi D. Q. and Yu, Yijun and Jiang, Lingxiao",Proceedings of the 44th International ACM SIGIR Conference on Research and Development in Information Retrieval,2021,10.1145/3404835.3462840,1
50,ACM,Assessing and Improving an Evaluation Dataset for Detecting Semantic Code Clones via Deep Learning,"Yu, Hao and Hu, Xing and Li, Ge and Li, Ying and Wang, Qianxiang and Xie, Tao",ACM Transactions on Software Engineering and Methodology (TOSEM),2022,10.1145/3502852,1
51,ACM,Code clone detection based on Doc2vec model and Bagging,"Huang, Jun",Proceedings of the 2022 2nd International Conference on Control and Intelligent Robotics,2022,10.1145/3548608.3559280,1
52,ACM,An extensive study on pre-trained models for program understanding and generation,"Zeng, Zhengran and Tan, Hanzhuo and Zhang, Haotian and Li, Jing and Zhang, Yuqun and Zhang, Lingming",Proceedings of the 31st ACM SIGSOFT International Symposium on Software Testing and Analysis,2022,10.1145/3533767.3534390,1
53,ACM,Understanding Long Programming Languages with Structure-Aware Sparse Attention,"Liu, Tingting and Wang, Chengyu and Chen, Cen and Gao, Ming and Zhou, Aoying",Proceedings of the 45th International ACM SIGIR Conference on Research and Development in Information Retrieval,2022,10.1145/3477495.3531811,1
54,ACM,Generalizability of Code Clone Detection on CodeBERT,"Sonnekalb, Tim and Gruner, Bernd and Brust, Clemens-Alexander and M\""{a}der, Patrick",Proceedings of the 37th IEEE/ACM International Conference on Automated Software Engineering,2023,10.1145/3551349.3561165,1
55,ACM,Gitor: Scalable Code Clone Detection by Building Global Sample Graph,"Shan, Junjie and Dou, Shihan and Wu, Yueming and Wu, Hairu and Liu, Yang",Proceedings of the 31st ACM Joint European Software Engineering Conference and Symposium on the Foundations of Software Engineering,2023,10.1145/3611643.3616371,1
56,ACM,Detecting Semantic Code Clones by Building AST-based Markov Chains Model,"Wu, Yueming and Feng, Siyue and Zou, Deqing and Jin, Hai",Proceedings of the 37th IEEE/ACM International Conference on Automated Software Engineering,2023,10.1145/3551349.3560426,1
57,ACM,TreeCen: Building Tree Graph for Scalable Semantic Code Clone Detection,"Hu, Yutao and Zou, Deqing and Peng, Junru and Wu, Yueming and Shan, Junjie and Jin, Hai",Proceedings of the 37th IEEE/ACM International Conference on Automated Software Engineering,2023,10.1145/3551349.3556927,1
58,ACM,xASTNN: Improved Code Representations for Industrial Practice,"Xu, Zhiwei and Zhou, Min and Zhao, Xibin and Chen, Yang and Cheng, Xi and Zhang, Hongyu",Proceedings of the 31st ACM Joint European Software Engineering Conference and Symposium on the Foundations of Software Engineering,2023,10.1145/3611643.3613869,1
59,ACM,CrystalBLEU: Precisely and Efficiently Measuring the Similarity of Code,"Eghbali, Aryaz and Pradel, Michael",Proceedings of the 37th IEEE/ACM International Conference on Automated Software Engineering,2023,10.1145/3551349.3556903,1
60,ACM,Tritor: Detecting Semantic Code Clones by Building Social Network-Based Triads Model,"Zou, Deqing and Feng, Siyue and Wu, Yueming and Suo, Wenqi and Jin, Hai",Proceedings of the 31st ACM Joint European Software Engineering Conference and Symposium on the Foundations of Software Engineering,2023,10.1145/3611643.3616354,1
61,ACM,Towards Efficient Fine-Tuning of Pre-trained Code Models: An Experimental Study and Beyond,"Shi, Ensheng and Wang, Yanlin and Zhang, Hongyu and Du, Lun and Han, Shi and Zhang, Dongmei and Sun, Hongbin",Proceedings of the 32nd ACM SIGSOFT International Symposium on Software Testing and Analysis,2023,10.1145/3597926.3598036,1
62,ACM,Compressing Pre-trained Models of Code into 3 MB,"Shi, Jieke and Yang, Zhou and Xu, Bowen and Kang, Hong Jin and Lo, David",Proceedings of the 37th IEEE/ACM International Conference on Automated Software Engineering,2023,10.1145/3551349.3556964,1
63,ACM,CodeGrid: A Grid Representation of Code,"Kabor\'{e}, Abdoul Kader and Barr, Earl T. and Klein, Jacques and Bissyand\'{e}, Tegawend\'{e} F.",Proceedings of the 32nd ACM SIGSOFT International Symposium on Software Testing and Analysis,2023,10.1145/3597926.3598141,1
64,ACM,An Extensive Study on Adversarial Attack against Pre-trained Models of Code,"Du, Xiaohu and Wen, Ming and Wei, Zichao and Wang, Shangwen and Jin, Hai",Proceedings of the 31st ACM Joint European Software Engineering Conference and Symposium on the Foundations of Software Engineering,2023,10.1145/3611643.3616356,1
65,ACM,Towards Learning Generalizable Code Embeddings Using Task-agnostic Graph Convolutional Networks,"Ding, Zishuo and Li, Heng and Shang, Weiyi and Chen, Tse-Hsun (Peter)",ACM Transactions on Software Engineering and Methodology,2023,10.1145/3542944,1
66,ACM,CC2Vec: Combining Typed Tokens with Contrastive Learning for Effective Code Clone Detection,"Dou, Shihan and Wu, Yueming and Jia, Haoxiang and Zhou, Yuhao and Liu, Yan and Liu, Yang",Proceedings of the ACM on Software Engineering,2024,10.1145/3660777,1
67,ACM,Effective Hard Negative Mining for Contrastive Learning-based Code Search,"Fan, Ye and Li, Chuanyi and Ge, Jidong and Huang, Liguo and Luo, Bin",ACM Transactions on Software Engineering and Methodology,2024,10.1145/3695994,1
68,ACM,Greening Large Language Models of Code,"Shi, Jieke and Yang, Zhou and Kang, Hong Jin and Xu, Bowen and He, Junda and Lo, David",Proceedings of the 46th International Conference on Software Engineering: Software Engineering in Society,2024,10.1145/3639475.3640097,1
69,ACM,Improving Source Code Pre-training via Type-Specific Masking,"Zou, Wentao and Li, Qi and Li, Chuanyi and Ge, Jidong and Chen, Xiang and Huang, LiGuo and Luo, Bin",ACM Transactions on Software Engineering and Methodology,2024,10.1145/3699599,1
70,ACM,Enhancing Source Code Representations for Deep Learning with Static Analysis,"Guan, Xueting and Treude, Christoph",Proceedings of the 32nd IEEE/ACM International Conference on Program Comprehension,2024,10.1145/3643916.3644396,1
71,ACM,Poison Attack and Poison Detection on Deep Source Code Processing Models,"Li ‚ôÇ, Jia and Li, Zhuo and Zhang, Huangzhao and Li, Ge and Jin, Zhi and Hu, Xing and Xia, Xin",ACM Transactions on Software Engineering and Methodology,2024,10.1145/3630008,1
72,ACM,Understanding and Generation,"Shen, Zongwen and Li, Yuning and Ge, Jidong and Chen, Xiang and Li, Chuanyi and Huang, Liguo and Luo, Bin",ACM Trans. Softw. Eng. Methodol.,2025,10.1145/3720540,1
73,ACM,Experimental Evaluation of Parameter-Efficient Fine-Tuning for Software Engineering Tasks,"Zou, Wentao and Shen, Zongwen and Li, Qi and Ge, Jidong and Li, Chuanyi and Chen, Xiang and Shen, Xiaoyu and Huang, LiGuo and Luo, Bin",ACM Trans. Softw. Eng. Methodol.,2025,10.1145/3722107,1
74,ACM,Variable Renaming-Based Adversarial Test Generation for Code Model: Benchmark and Enhancement,"Wen, Jin and Hu, Qiang and Guo, Yuejun and Cordy, Maxime and Le Traon, Yves",ACM Trans. Softw. Eng. Methodol.,2025,10.1145/3723353,1
75,IEEE,Threshold-free code clone detection for a large-scale heterogeneous Java repository,I. Keivanloo; F. Zhang; Y. Zou,"2015 IEEE 22nd International Conference on Software Analysis, Evolution, and Reengineering (SANER)",2015,10.1109/SANER.2015.7081830,1
76,IEEE,BigCloneEval: A Clone Detection Tool Evaluation Framework with BigCloneBench,J. Svajlenko; C. K. Roy,2016 IEEE International Conference on Software Maintenance and Evolution (ICSME),2016,10.1109/ICSME.2016.62,1
77,IEEE,Semantic Clone Detection Using Machine Learning,A. Sheneamer; J. Kalita,2016 15th IEEE International Conference on Machine Learning and Applications (ICMLA),2016,10.1109/ICMLA.2016.0185,1
78,IEEE,CCLearner: A Deep Learning-Based Clone Detection Approach,L. Li; H. Feng; W. Zhuang; N. Meng; B. Ryder,2017 IEEE International Conference on Software Maintenance and Evolution (ICSME),2017,10.1109/ICSME.2017.46,1
79,IEEE,Investigating Vector-Based Detection of Code Clones Using BigCloneBench,K. Yokoi; E. Choi; N. Yoshida; K. Inoue,2018 25th Asia-Pacific Software Engineering Conference (APSEC),2018,10.1109/APSEC.2018.00095,1
80,IEEE,FaCoY: A Code-to-Code Search Engine,K. Kim; D. Kim; T. F. Bissyand√©; E. Choi; L. Li; J. Klein; Y. Le Traon,2018 IEEE/ACM 40th International Conference on Software Engineering (ICSE),2018,10.1145/3180155.3180187,1
81,IEEE,CCAligner: A Token Based Large-Gap Clone Detector,P. Wang; J. Svajlenko; Y. Wu; Y. Xu; C. K. Roy,2018 IEEE/ACM 40th International Conference on Software Engineering (ICSE),2018,10.1145/3180155.3180179,1
82,IEEE,Expanding Queries for Code Search Using Semantically Related API Class-names,F. Zhang; H. Niu; I. Keivanloo; Y. Zou,IEEE Transactions on Software Engineering,2018,10.1109/TSE.2017.2750682,1
83,IEEE,SLAMPA: Recommending Code Snippets with Statistical Language Model,S. Zhou; H. Zhong; B. Shen,2018 25th Asia-Pacific Software Engineering Conference (APSEC),2018,10.1109/APSEC.2018.00022,1
84,IEEE,Neural Detection of Semantic Code Clones Via Tree-Based Convolution,H. Yu; W. Lam; L. Chen; G. Li; T. Xie; Q. Wang,2019 IEEE/ACM 27th International Conference on Program Comprehension (ICPC),2019,10.1109/ICPC.2019.00021,1
85,IEEE,Fast Code Clone Detection Based on Weighted Recursive Autoencoders,J. Zeng; K. Ben; X. Li; X. Zhang,IEEE Access,2019,10.1109/ACCESS.2019.2938825,1
86,IEEE,TECCD: A Tree Embedding Approach for Code Clone Detection,Y. Gao; Z. Wang; S. Liu; L. Yang; W. Sang; Y. Cai,2019 IEEE International Conference on Software Maintenance and Evolution (ICSME),2019,10.1109/ICSME.2019.00025,1
87,IEEE,A Novel Neural Source Code Representation Based on Abstract Syntax Tree,J. Zhang; X. Wang; H. Zhang; H. Sun; K. Wang; X. Liu,2019 IEEE/ACM 41st International Conference on Software Engineering (ICSE),2019,10.1109/ICSE.2019.00086,1
88,IEEE,Learning-Based Recursive Aggregation of Abstract Syntax Trees for Code Clone Detection,L. B√ºch; A. Andrzejak,"2019 IEEE 26th International Conference on Software Analysis, Evolution and Reengineering (SANER)",2019,10.1109/SANER.2019.8668039,1
89,IEEE,On Precision of Code Clone Detection Tools,F. Farmahinifarahani; V. Saini; D. Yang; H. Sajnani; C. V. Lopes,"2019 IEEE 26th International Conference on Software Analysis, Evolution and Reengineering (SANER)",2019,10.1109/SANER.2019.8668015,1
90,IEEE,Deep Review Sharing,C. Guo; D. Huang; N. Dong; Q. Ye; J. Xu; Y. Fan; H. Yang; Y. Xu,"2019 IEEE 26th International Conference on Software Analysis, Evolution and Reengineering (SANER)",2019,10.1109/SANER.2019.8668037,1
91,IEEE,Towards Automating Precision Studies of Clone Detectors,V. Saini; F. Farmahinifarahani; Y. Lu; D. Yang; P. Martins; H. Sajnani; P. Baldi; C. V. Lopes,2019 IEEE/ACM 41st International Conference on Software Engineering (ICSE),2019,10.1109/ICSE.2019.00023,1
92,IEEE,Detecting Code Clones with Graph Neural Network and Flow-Augmented Abstract Syntax Tree,W. Wang; G. Li; B. Ma; X. Xia; Z. Jin,"2020 IEEE 27th International Conference on Software Analysis, Evolution and Reengineering (SANER)",2020,10.1109/SANER48275.2020.9054857,1
93,IEEE,Review Sharing via Deep Semi-Supervised Code Clone Detection,C. Guo; H. Yang; D. Huang; J. Zhang; N. Dong; J. Xu; J. Zhu,IEEE Access,2020,10.1109/ACCESS.2020.2966532,1
94,IEEE,Sia-RAE: A Siamese Network based on Recursive AutoEncoder for Effective Clone Detection,C. Feng; T. Wang; Y. Yu; Y. Zhang; Y. Zhang; H. Wang,2020 27th Asia-Pacific Software Engineering Conference (APSEC),2020,10.1109/APSEC51365.2020.00032,1
95,IEEE,SCDetector: Software Functional Clone Detection Based on Semantic Tokens Analysis,Y. Wu; D. Zou; S. Dou; S. Yang; W. Yang; F. Cheng; H. Liang; H. Jin,2020 35th IEEE/ACM International Conference on Automated Software Engineering (ASE),2020,10.1145/3324884.341656,1
96,IEEE,A code clone detection algorithm based on graph convolution network with AST tree edge,Z. Lu; R. Li; H. Hu; W. -a. Zhou,"2021 IEEE 21st International Conference on Software Quality, Reliability and Security Companion (QRS-C)",2021,10.1109/QRS-C55045.2021.00156,1
97,IEEE,AST-path Based Compare-Aggregate Network for Code Clone Detection,H. Liang; L. Ai,2021 International Joint Conference on Neural Networks (IJCNN),2021,10.1109/IJCNN52387.2021.9534099,1
98,IEEE,Learn To Align: A Code Alignment Network For Code Clone Detection,A. Zhang; K. Liu; L. Fang; Q. Liu; X. Yun; S. Ji,2021 28th Asia-Pacific Software Engineering Conference (APSEC),2021,10.1109/APSEC53868.2021.00008,1
99,IEEE,FCCA: Hybrid Code Representation for Functional Clone Detection Using Attention Networks,W. Hua; Y. Sui; Y. Wan; G. Liu; G. Xu,IEEE Transactions on Reliability,2021,10.1109/TR.2020.3001918,1
100,IEEE,InferCode: Self-Supervised Learning of Code Representations by Predicting Subtrees,N. D. Q. Bui; Y. Yu; L. Jiang,2021 IEEE/ACM 43rd International Conference on Software Engineering (ICSE),2021,10.1109/ICSE43902.2021.00109,1
101,IEEE,CCEyes: An Effective Tool for Code Clone Detection on Large-Scale Open Source Repositories,Y. Zhang; T. Wang,2021 IEEE International Conference on Information Communication and Software Engineering (ICICSE),2021,10.1109/ICICSE52190.2021.9404141,1
102,IEEE,SCCD-GAN: An Enhanced Semantic Code Clone Detection Model Using GAN,K. Xu; Y. Liu,2021 IEEE 4th International Conference on Electronics and Communication Engineering (ICECE),2021,10.1109/ICECE54449.2021.9674552,1
103,IEEE,Experiments on Code Clone Detection and Machine Learning,A. Sch√§fer; W. Amme; T. S. Heinze,2022 IEEE 16th International Workshop on Software Clones (IWSC),2022,10.1109/IWSC55060.2022.00016,1
104,IEEE,CodeBERT for Code Clone Detection: A Replication Study,S. Arshad; S. Abid; S. Shamail,2022 IEEE 16th International Workshop on Software Clones (IWSC),2022,10.1109/IWSC55060.2022.00015,1
105,IEEE,Clone-Seeker: Effective Code Clone Search Using Annotations,M. Hammad; √ñ. Babur; H. A. Basit; M. Van Den Brand,IEEE Access,2022,10.1109/ACCESS.2022.3145686,1
106,IEEE,"Using a Nearest-Neighbour, BERT-Based Approach for Scalable Clone Detection",M. Chochlov; G. Aftab Ahmed; J. Vincent Patten; G. Lu; W. Hou; D. Gregg; J. Buckley,2022 IEEE International Conference on Software Maintenance and Evolution (ICSME),2022,10.1109/ICSME55016.2022.00080,1
107,IEEE,Natural Attack for Pre-trained Models of Code,Z. Yang; J. Shi; J. He; D. Lo,2022 IEEE/ACM 44th International Conference on Software Engineering (ICSE),2022,10.1145/3510003.3510146,1
108,IEEE,Bridging Pre-trained Models and Downstream Tasks for Source Code Understanding,D. Wang; Z. Jia; S. Li; Y. Yu; Y. Xiong; W. Dong; X. Liao,2022 IEEE/ACM 44th International Conference on Software Engineering (ICSE),2022,10.1145/3510003.3510062,1
109,IEEE,Modeling Functional Similarity in Source Code With Graph-Based Siamese Networks,N. Mehrotra; N. Agarwal; P. Gupta; S. Anand; D. Lo; R. Purandare,IEEE Transactions on Software Engineering,2022,10.1109/TSE.2021.3105556,1
110,IEEE,Low-Complexity Code Clone Detection using Graph-based Neural Networks,H. Liu; H. Zhao; C. Han; L. Hou,"2022 18th International Conference on Mobility, Sensing and Networking (MSN)",2022,10.1109/MSN57253.2022.00129,1
111,IEEE,Contrastive Code-Comment Pre-training,X. Pei; D. Liu; L. Qian; C. Xu,2022 IEEE International Conference on Data Mining (ICDM),2022,10.1109/ICDM54844.2022.00050,1
112,IEEE,Java Code Clone Detection by Exploiting Semantic and Syntax Information From Intermediate Code-Based Graph,D. Yuan; S. Fang; T. Zhang; Z. Xu; X. Luo,IEEE Transactions on Reliability,2023,10.1109/TR.2022.3176922,1
113,IEEE,Assessing and Improving Dataset and Evaluation Methodology in Deep Learning for Code Clone Detection,H. Li; Q. Gao; S. Zhang,2023 IEEE 34th International Symposium on Software Reliability Engineering (ISSRE),2023,10.1109/ISSRE59848.2023.00044,1
114,IEEE,An Empirical Comparison of Pre-Trained Models of Source Code,C. Niu; C. Li; V. Ng; D. Chen; J. Ge; B. Luo,2023 IEEE/ACM 45th International Conference on Software Engineering (ICSE),2023,10.1109/ICSE48619.2023.00180,1
115,IEEE,Learning Graph-based Code Representations for Source-level Functional Similarity Detection,J. Liu; J. Zeng; X. Wang; Z. Liang,2023 IEEE/ACM 45th International Conference on Software Engineering (ICSE),2023,10.1109/ICSE48619.2023.00040,1
116,IEEE,Code Difference Guided Adversarial Example Generation for Deep Code Models,Z. Tian; J. Chen; Z. Jin,2023 38th IEEE/ACM International Conference on Automated Software Engineering (ASE),2023,10.1109/ASE56229.2023.00149,1
117,IEEE,Improving Cross-Language Code Clone Detection via Code Representation Learning and Graph Neural Networks,N. Mehrotra; A. Sharma; A. Jindal; R. Purandare,IEEE Transactions on Software Engineering,2023,10.1109/TSE.2023.3311796,1
118,IEEE,Graph-of-Code: Semantic Clone Detection Using Graph Fingerprints,E. A. Alhazami; A. M. Sheneamer,IEEE Transactions on Software Engineering,2023,10.1109/TSE.2023.3276780,1
119,IEEE,CRAM: Code Recommendation With Programming Context Based on Self-Attention Mechanism,C. Tao; K. Lin; Z. Huang; X. Sun,IEEE Transactions on Reliability,2023,10.1109/TR.2022.3171309,1
120,IEEE,Investigating the Generalizability of Deep Learning-based Clone Detectors,E. Choi; N. Fuke; Y. Fujiwara; N. Yoshida; K. Inoue,2023 IEEE/ACM 31st International Conference on Program Comprehension (ICPC),2023,10.1109/ICPC58990.2023.00032,1
121,IEEE,An Empirical Understanding of Code Clone Detection by ChatGPT,P. Wang; L. Zhu; Q. Wang; O. Jaiteh; C. Guo,2023 6th International Conference on Data Science and Information Technology (DSIT),2023,10.1109/DSIT60026.2023.00021,1
122,IEEE,Boosting Source Code Learning with Text-Oriented Data Augmentation: An Empirical Study,Z. Dong; Q. Hu; Y. Guo; Z. Zhang; J. Zhao,"2023 IEEE 23rd International Conference on Software Quality, Reliability, and Security Companion (QRS-C)",2023,10.1109/QRS-C60940.2023.00017,1
123,IEEE,ZC3: Zero-Shot Cross-Language Code Clone Detection,J. Li; C. Tao; Z. Jin; F. Liu; J. Li; G. Li,2023 38th IEEE/ACM International Conference on Automated Software Engineering (ASE),2023,10.1109/ASE56229.2023.00210,1
124,IEEE,An Empirical Study of Parameter-Efficient Fine-Tuning Methods for Pre-Trained Code Models,J. Liu; C. Sha; X. Peng,2023 38th IEEE/ACM International Conference on Automated Software Engineering (ASE),2023,10.1109/ASE56229.2023.00125,1
125,IEEE,Code Clone Detection Based on Code Semantic Enhancement Model,Z. Chunyan; S. Ziang; L. Chen,2023 International Conference on Intelligent Communication and Computer Engineering (ICICCE),2023,10.1109/ICICCE61720.2023.00032,1
126,IEEE,Contrastive Learning of Functionality-Aware Code Embeddings,Y. Li; H. Wu; H. Zhao,"ICASSP 2023 - 2023 IEEE International Conference on Acoustics, Speech and Signal Processing (ICASSP)",2023,10.1109/ICASSP49357.2023.10096337,1
127,IEEE,On the Effectiveness of Graph Data Augmentation for Source Code Learning,Z. Dong; Q. Hu; Z. Zhang; J. Zhao,2023 10th International Conference on Dependable Systems and Their Applications (DSA),2023,10.1109/DSA59317.2023.00124,1
128,IEEE,Code Clone Detection Using Boosting Algorithms,M. V. Thanoshan; K. Banujan; B. T. G. S. Kumara; S. Prasanth; Z. Li; I. Paik,2023 3rd International Conference on Advanced Research in Computing (ICARC),2023,10.1109/ICARC57651.2023.10145638,1
129,IEEE,Research and Implementation of Code Similarity Detection Technology Based on Deep Learning,X. Wu; W. Zhao; Z. Tan; X. Zhang; W. Chen,2023 IEEE 9th International Conference on Cloud Computing and Intelligent Systems (CCIS),2023,10.1109/CCIS59572.2023.10262836,1
130,IEEE,Milo: Attacking Deep Pre-trained Model for Programming Languages Tasks with Anti-analysis Code Obfuscation,L. Song; S. H. H. Ding,"2023 IEEE 47th Annual Computers, Software, and Applications Conference (COMPSAC)",2023,10.1109/COMPSAC57700.2023.00084,1
131,IEEE,On the Use of Deep Learning Models for Semantic Clone Detection,S. N. Pinku; D. Mondal; C. K. Roy,2024 IEEE International Conference on Software Maintenance and Evolution (ICSME),2024,10.1109/ICSME58944.2024.00053,1
132,IEEE,Goner: Building Tree-Based N-Gram-Like Model for Semantic Code Clone Detection,Y. Wu; S. Feng; W. Suo; D. Zou; H. Jin,IEEE Transactions on Reliability,2024,10.1109/TR.2023.3312294,1
133,IEEE,DSFM: Enhancing Functional Code Clone Detection with Deep Subtree Interactions,Z. Xu; S. Qiang; D. Song; M. Zhou; H. Wan; X. Zhao; P. Luo; H. Zhang,2024 IEEE/ACM 46th International Conference on Software Engineering (ICSE),2024,10.1145/3597503.3639215,1
134,IEEE,Machine Learning is All You Need: A Simple Token-Based Approach for Effective Code Clone Detection,S. Feng; W. Suo; Y. Wu; D. Zou; Y. Liu; H. Jin,2024 IEEE/ACM 46th International Conference on Software Engineering (ICSE),2024,10.1145/3597503.3639114,1
135,IEEE,Assessing the Code Clone Detection Capability of Large Language Models,Z. Zhang; T. Saber,2024 4th International Conference on Code Quality (ICCQ),2024,10.1109/ICCQ60895.2024.10576803,1
136,IEEE,A Novel Method for Code Clone Detection Based on Minimally Random Kernel Convolutional Transform,M. Abdelkader,IEEE Access,2024,10.1109/ACCESS.2024.3484995,1
137,IEEE,Federated Learning for Software Engineering: A Case Study of Code Clone Detection and Defect Prediction,Y. Yang; X. Hu; Z. Gao; J. Chen; C. Ni; X. Xia; D. Lo,IEEE Transactions on Software Engineering,2024,10.1109/TSE.2023.3347898,1
138,IEEE,TransformCode: A Contrastive Learning Framework for Code Embedding via Subtree Transformation,Z. Xian; R. Huang; D. Towey; C. Fang; Z. Chen,IEEE Transactions on Software Engineering,2024,10.1109/TSE.2024.3393419,1
139,IEEE,Code Clone Detection Based on Contrastive Learning,C. Xie; Y. Liang; Q. Lv; Z. Wan,2024 IEEE 4th International Conference on Software Engineering and Artificial Intelligence (SEAI),2024,10.1109/SEAI62072.2024.10674596,1
140,IEEE,Exploiting the Adversarial Example Vulnerability of Transfer Learning of Source Code,Y. Yang; H. Fan; C. Lin; Q. Li; Z. Zhao; C. Shen,IEEE Transactions on Information Forensics and Security,2024,10.1109/TIFS.2024.3402153,1
141,IEEE,TCNAS: Transformer Architecture Evolving in Code Clone Detection,H. Xu; X. Pei; X. Su; S. You; C. Xu,"ICASSP 2024 - 2024 IEEE International Conference on Acoustics, Speech and Signal Processing (ICASSP)",2024,10.1109/ICASSP48485.2024.10445958,1
142,IEEE,Source Code Representation Approach Based on Multi-Head Attention,L. Xiao; H. Zhong; Y. Lai; X. Lin; H. Shi,"2024 10th International Symposium on System Security, Safety, and Reliability (ISSSR)",2024,10.1109/ISSSR61934.2024.00066,1
143,IEEE,ALANCA: Active Learning Guided Adversarial Attacks for Code Comprehension on Diverse Pre-trained and Large Language Models,D. Liu; S. Zhang,"2024 IEEE International Conference on Software Analysis, Evolution and Reengineering (SANER)",2024,10.1109/SANER60148.2024.00067,1
144,IEEE,Active Code Learning: Benchmarking Sample-Efficient Training of Code Models,Q. Hu; Y. Guo; X. Xie; M. Cordy; L. Ma; M. Papadakis; Y. L. Traon,IEEE Transactions on Software Engineering,2024,10.1109/TSE.2024.3376964,1
145,IEEE,Exploring the Effectiveness of Abstract Syntax Tree Patterns for Algorithm Recognition,D. Neum√ºller; F. Sihler; R. Straub; M. Tichy,2024 4th International Conference on Code Quality (ICCQ),2024,10.1109/ICCQ60895.2024.10576984,1
146,IEEE,A Similarity-based Stacked Deep Learning Architectures for Detection of Software Clones,A. Sheneamer,"2024 4th International Conference on Electrical, Computer, Communications and Mechatronics Engineering (ICECCME)",2024,10.1109/ICECCME62383.2024.10796546,1
147,IEEE,On Calibration of Pretrained Code Models,Z. Zhou; C. Sha; X. Peng,2024 IEEE/ACM 46th International Conference on Software Engineering (ICSE),2024,10.1145/3597503.3639126,1
148,IEEE,SparseCoder: Identifier-Aware Sparse Transformer for File- Level Code Summarization,Y. Wang; Y. Huang; D. Guo; H. Zhang; Z. Zheng,"2024 IEEE International Conference on Software Analysis, Evolution and Reengineering (SANER)",2024,10.1109/SANER60148.2024.00068,1
149,IEEE,Enhancing Code Representation Learning for Code Search with Abstract Code Semantics,S. Zhang; Y. Ding; E. Hu; Y. Yu; Y. Zhang,2024 International Joint Conference on Neural Networks (IJCNN),2024,10.1109/IJCNN60899.2024.10650119,1
150,IEEE,Compiler Differentiation Detection Method for Binary Similarity,X. Liu; X. Duan; X. Hei; Y. Wang; X. Song,2024 International Conference on Networking and Network Applications (NaNA),2024,10.1109/NaNA63151.2024.00019,1
151,IEEE,A Blockchain-Based Copyright Management Scheme for Open-Source Software and Hardware Designs,Y. Jin; L. Ling,Tsinghua Science and Technology,2025,10.26599/TST.2023.9010112,1
152,IEEE,On Inter-Dataset Code Duplication and Data Leakage in Large Language Models,J. A. H. L√≥pez; B. Chen; M. Saad; T. Sharma; D. Varr√≥,IEEE Transactions on Software Engineering,2025,10.1109/TSE.2024.3504286,1
153,IEEE,Code Clone Detection Techniques Based on Large Language Models,A. A. Almatrafi; F. A. Eassa; S. A. Sharaf,IEEE Access,2025,10.1109/ACCESS.2025.3549780,1
154,Scopus,Siamese: scalable and incremental code clone search via multiple code representations,"Ragkhitwetsagul, Chaiyong (56422351700); Krinke, Jens (6603760534)",Empirical Software Engineering,2019,10.1007/s10664-019-09697-7,1
155,Scopus,DeepClone: Modeling Clones to Generate Code Predictions,"Hammad, Muhammad (56490230800); Babur, Önder (55949449000); Abdul Basit, Hamid (12241632000); Brand, Mark van den (57192113699)",Lecture Notes in Computer Science (including subseries Lecture Notes in Artificial Intelligence and Lecture Notes in Bioinformatics),2020,10.1007/978-3-030-64694-3_9,1
156,Scopus,Code Clone Detection with Hierarchical Attentive Graph Embedding,"Ji, Xiujuan (55582424700); Liu, Lei (57853957200); Zhu, Jingwen (57194067799)",International Journal of Software Engineering and Knowledge Engineering,2021,10.1142/S021819402150025X,1
157,Scopus,Two-pass technique for clone detection and type classification using tree-based convolution neural network†,"Jo, Young-Bin (57226388801); Lee, Jihyun (57215648896); Yoo, Cheol-Jung (7201746348)",Applied Sciences (Switzerland),2021,10.3390/app11146613,1
158,Scopus,CCLearner: Clone Detection via Deep Learning,"Li, Liuqing (57200287478); Feng, He (57193067100); Meng, Na (42161811400); Ryder, Barbara (7003693065)","Code Clone Analysis: Research, Tools, and Practices",2021,10.1007/978-981-16-1927-4_6,1
159,Scopus,Clone-advisor: recommending code tokens and clone methods with deep learning and information retrieval,"Hammad, Muhammad (56490230800); Babur, Önder (55949449000); Basit, Hamid Abdul (12241632000); van den Brand, Mark (57192113699)",PeerJ Computer Science,2021,10.7717/peerj-cs.737,1
160,Scopus,Oreo: Scaling Clone Detection Beyond Near-Miss Clones,"Saini, Vaibhav (56553828400); Farmahinifarahani, Farima (57205023722); Sajnani, Hitesh (53878296500); Lopes, Cristina (7103222266)","Code Clone Analysis: Research, Tools, and Practices",2021,10.1007/978-981-16-1927-4_5,1
161,Scopus,Clone detection through srcClone: A program slicing based approach,"Alomari, Hakam W. (55556138700); Stephan, Matthew (35276168000)",Journal of Systems and Software,2022,10.1016/j.jss.2021.111115,1
162,Scopus,Transformer-based networks over tree structures for code classification,"Hua, Wei (57204636485); Liu, Guangzhong (23110719100)",Applied Intelligence,2022,10.1007/s10489-021-02894-2,1
163,Scopus,Are our clone detectors good enough? An empirical study of code effects by obfuscation,"Huang, Weihao (57212550474); Meng, Guozhu (56747189200); Lin, Chaoyang (57216910203); Yan, Qiucun (57941841400); Chen, Kai (57051675000); Ma, Zhuo (55276257200)",Cybersecurity,2023,10.1186/s42400-023-00148-x,1
164,Scopus,CCStokener: Fast yet accurate code clone detection with semantic token,"Wang, Wenjie (57223673614); Deng, Zihan (57781408100); Xue, Yinxing (35101120400); Xu, Yun (57196049318)",Journal of Systems and Software,2023,10.1016/j.jss.2023.111618,1
165,Scopus,Graph-based code semantics learning for efficient semantic code clone detection,"Yu, Dongjin (35176839900); Yang, Quanxin (57218480612); Chen, Xin (57102336800); Chen, Jie (57203334789); Xu, Yihang (57223924930)",Information and Software Technology,2023,10.1016/j.infsof.2022.107130,1
166,Scopus,Efficient transformer with code token learner for code clone detection,"Zhang, Aiping (57221302932); Fang, Liming (54913001000); Ge, Chunpeng (36571549800); Li, Piji (36440053900); Liu, Zhe (56844033500)",Journal of Systems and Software,2023,10.1016/j.jss.2022.111557,1
167,Scopus,Semantic Clone Detection Based on Code Feature Fusion Learning,"Zhang, Qianjin (57830566400); Jin, Dahai (36007196300); Wang, Yawen (25651116000); Gong, Yunzhan (15843139800)",International Journal of Software Engineering and Knowledge Engineering,2023,10.1142/S0218194023500249,1
168,Scopus,MTCD: An Efficient Cloning Detection Technique Based on Method Table,"Liao, Fangting (58080982500); Long, Shun (7402507047); Zhu, Weiheng (35933097600); Chen, Wenzhu (58490409800); Cao, Silei (59281061400); Guan, Xinyi (58080982300)",Lecture Notes in Computer Science (including subseries Lecture Notes in Artificial Intelligence and Lecture Notes in Bioinformatics),2023,10.1007/978-3-031-35257-7_19,1
169,Scopus,A Novel Source Code Clone Detection Method Based on Dual-GCN and IVHFS,"Yang, Haixin (58172025800); Li, Zhen (57188851187); Guo, Xinyu (58340306400)",Electronics (Switzerland),2023,10.3390/electronics12061315,1
170,Scopus,SJBCD: A Java Code Clone Detection Method Based on Bytecode Using Siamese Neural Network,"Wan, Bangrui (58499229700); Dong, Shuang (58569320700); Zhou, Jianjun (57724336300); Qian, Ying (36703119600)",Applied Sciences (Switzerland),2023,10.3390/app13179580,1
171,Scopus,A novel code representation for detecting Java code clones using high-level and abstract compiled code representations,"Quradaa, Fahmi H. (57222405438); Shahzad, Sara (24470583800); Saeed, Rashad (57203227971); Sufyan, Mubarak M. (57317234200)",PLoS ONE,2024,10.1371/journal.pone.0302333,1
172,Scopus,Redundancy and Concept Analysis for Code-trained Language Models,"Sharma, Arushi (57752284000); Hu, Zefu (58298106400); Quinn, Christopher J. (36136066900); Jannesari, Ali (25825073200)","Proceedings - 2024 39th ACM/IEEE International Conference on Automated Software Engineering Workshops, ASEW 2024",2024,10.1145/3691621.3694931,1
173,Scopus,Semantic Code Clone Detection Based on Community Detection,"Wan, Zexuan (59237902200); Xie, Chunli (42762462600); Lv, Quanrun (59237744900); Fan, Yasheng (59237745000)",International Journal of Software Engineering and Knowledge Engineering,2024,10.1142/S0218194024500323,1
174,Scopus,"Nearest-neighbor, BERT-based, scalable clone detection: A practical approach for large-scale industrial code bases","Ahmed, Gul Aftab (58625680600); Patten, James Vincent (57197594735); Han, Yuanhua (58902743900); Lu, Guoxian (58064645000); Hou, Wei (58064530400); Gregg, David (7005324205); Buckley, Jim (9239573700); Chochlov, Muslim (57188822109)",Software - Practice and Experience,2024,10.1002/spe.3355,1
175,Scopus,An enhanced transformer-based framework for interpretable code clone detection,"Nashaat, Mona (57202112008); Amin, Reem (59525485900); Eid, Ahmad Hosny (57200595569); Abdel-Kader, Rabab F. (35328967100)",Journal of Systems and Software,2025,10.1016/j.jss.2025.112347,1
176,Scopus,An optimized hybrid deep learning model for code clone detection,"Geetika (57222539961); Kaur, Navdeep (35100474900); Kaur, Amandeep (58070249200)",International Journal of Information Technology (Singapore),2025,10.1007/s41870-024-02383-y,1
177,Scopus,Exploring the Boundaries Between LLM Code Clone Detection and Code Similarity Assessment on Human and AI-Generated Code,Zhang Z.; Saber T.,Big Data and Cognitive Computing,2025,10.3390/bdcc9020041,1
178,WebOfScience,DroidSD: An Efficient Indexed Based Android Applications Similarity Detection Tool,"Akram, Junaid; Shi, Zhendong; Mumtaz, Majid; Luo, Ping",JOURNAL OF INFORMATION SCIENCE AND ENGINEERING,2020,10.6688/JISE.202001_36(1).0002,1
179,Wiley,GRRLN: Gated Recurrent Residual Learning Networks for code clone detection,"Zhang X,Liu J,Shi M",Journal of Software: Evolution and Process,2024,10.1002/smr.2649,1
1,ACM,Intelligent token-based code clone detection system for large scale source code,"Elkhail, Abdulrahman Abu and Svacina, Jan and Cerny, Tomas",Proceedings of the Conference on Research in Adaptive and Convergent Systems,2019,10.1145/3338840.3355654,0
2,ACM,NIL: large-scale detection of large-variance clones,"Nakagawa, Tasuku and Higo, Yoshiki and Kusumoto, Shinji",Proceedings of the 29th ACM Joint Meeting on European Software Engineering Conference and Symposium on the Foundations of Software Engineering,2021,10.1145/3468264.3468564,0
3,ACM,ASPDup: AST-Sequence-based Progressive Duplicate Code Detection Tool for Onsite Programming Code,"Yu, Yaoshen and Huang, Zhiqiu and Zhou, Yu and Li, Weiwei and Shao, Yichao",Proceedings of the 12th Asia-Pacific Symposium on Internetware,2021,10.1145/3457913.3457938,0
4,ACM,Fine-Grained Code Clone Detection with Block-Based Splitting of Abstract Syntax Tree,"Hu, Tiancheng and Xu, Zijing and Fang, Yilin and Wu, Yueming and Yuan, Bin and Zou, Deqing and Jin, Hai",Proceedings of the 32nd ACM SIGSOFT International Symposium on Software Testing and Analysis,2023,10.1145/3597926.3598040,0
5,IEEE,Evaluating clone detection tools with BigCloneBench,J. Svajlenko; C. K. Roy,2015 IEEE International Conference on Software Maintenance and Evolution (ICSME),2015,10.1109/ICSM.2015.7332459,0
6,IEEE,SourcererCC: Scaling Code Clone Detection to Big-Code,H. Sajnani; V. Saini; J. Svajlenko; C. K. Roy; C. V. Lopes,2016 IEEE/ACM 38th International Conference on Software Engineering (ICSE),2016,10.1145/2884781.2884877,0
7,IEEE,Fast and Flexible Large-Scale Clone Detection with CloneWorks,J. Svajlenko; C. K. Roy,2017 IEEE/ACM 39th International Conference on Software Engineering Companion (ICSE-C),2017,10.1109/ICSE-C.2017.3,0
8,IEEE,CloneWorks: A Fast and Flexible Large-Scale Near-Miss Clone Detection Tool,J. Svajlenko; C. K. Roy,2017 IEEE/ACM 39th International Conference on Software Engineering Companion (ICSE-C),2017,10.1109/ICSE-C.2017.78,0
9,IEEE,Interface Driven Code Clone Detection,M. R. H. Misu; K. Sakib,2017 24th Asia-Pacific Software Engineering Conference (APSEC),2017,10.1109/APSEC.2017.97,0
10,IEEE,On the Use of Machine Learning Techniques Towards the Design of Cloud Based Automatic Code Clone Validation Tools,G. Mostaeen; J. Svajlenko; B. Roy; C. K. Roy; K. A. Schneider,2018 IEEE 18th International Working Conference on Source Code Analysis and Manipulation (SCAM),2018,10.1109/SCAM.2018.00025,0
11,IEEE,Lancer: Your Code Tell Me What You Need,S. Zhou; B. Shen; H. Zhong,2019 34th IEEE/ACM International Conference on Automated Software Engineering (ASE),2019,10.1109/ASE.2019.00137,0
12,IEEE,Assessing the Generalizability of Code2vec Token Embeddings,H. J. Kang; T. F. Bissyand√©; D. Lo,2019 34th IEEE/ACM International Conference on Automated Software Engineering (ASE),2019,10.1109/ASE.2019.00011,0
13,IEEE,A Large-Gap Clone Detection Approach Using Sequence Alignment via Dynamic Parameter Optimization,J. Liu; T. Wang; C. Feng; H. Wang; D. Li,IEEE Access,2019,10.1109/ACCESS.2019.2940710,0
14,IEEE,NiCad+: Speeding the Detecting Process of NiCad,C. Feng; T. Wang; J. Liu; Y. Zhang; K. Xu; Y. Wang,2020 IEEE International Conference on Service Oriented Systems Engineering (SOSE),2020,10.1109/SOSE49046.2020.00019,0
15,IEEE,LVMapper: A Large-Variance Clone Detector Using Sequencing Alignment Approach,M. Wu; P. Wang; K. Yin; H. Cheng; Y. Xu; C. K. Roy,IEEE Access,2020,10.1109/ACCESS.2020.2971545,0
16,IEEE,SAGA: Efficient and Large-Scale Detection of Near-Miss Clones with GPU Acceleration,G. Li; Y. Wu; C. K. Roy; J. Sun; X. Peng; N. Zhan; B. Hu; J. Ma,"2020 IEEE 27th International Conference on Software Analysis, Evolution and Reengineering (SANER)",2020,10.1109/SANER48275.2020.9054832,0
17,IEEE,Multi-threshold token-based code clone detection,Y. Golubev; V. Poletansky; N. Povarov; T. Bryksin,"2021 IEEE International Conference on Software Analysis, Evolution and Reengineering (SANER)",2021,10.1109/SANER50967.2021.00053,0
18,IEEE,The Mutation and Injection Framework: Evaluating Clone Detection Tools with Mutation Analysis,J. Svajlenko; C. K. Roy,IEEE Transactions on Software Engineering,2021,10.1109/TSE.2019.2912962,0
19,IEEE,Finding repeated strings in code repositories and its applications to code-clone detection,Y. Yamagata; F. Herv√©; Y. Fujiwara; K. Inoue,2021 28th Asia-Pacific Software Engineering Conference (APSEC),2021,10.1109/APSEC53868.2021.00057,0
20,IEEE,Stubber: Compiling Source Code into Bytecode without Dependencies for Java Code Clone Detection,A. Sch√§fer; W. Amme; T. S. Heinze,2021 IEEE 15th International Workshop on Software Clones (IWSC),2021,10.1109/IWSC53727.2021.00011,0
21,IEEE,You Look so Different: Finding Structural Clones and Subclones in Java Source Code,W. Amme; T. S. Heinze; A. Sch√§fer,2021 IEEE International Conference on Software Maintenance and Evolution (ICSME),2021,10.1109/ICSME52107.2021.00013,0
22,IEEE,MSCCD: Grammar Pluggable Clone Detection Based on ANTLR Parser Generation,W. Zhu; N. Yoshida; T. Kamiya; E. Choi; H. Takada,2022 IEEE/ACM 30th International Conference on Program Comprehension (ICPC),2022,10.1145/3524610.3529161,0
23,IEEE,Comparison and Evaluation of Clone Detection Techniques with Different Code Representations,Y. Wang; Y. Ye; Y. Wu; W. Zhang; Y. Xue; Y. Liu,2023 IEEE/ACM 45th International Conference on Software Engineering (ICSE),2023,10.1109/ICSE48619.2023.00039,0
24,IEEE,Code2Img: Tree-Based Image Transformation for Scalable Code Clone Detection,Y. Hu; Y. Fang; Y. Sun; Y. Jia; Y. Wu; D. Zou; H. Jin,IEEE Transactions on Software Engineering,2023,10.1109/TSE.2023.3295801,0
25,IEEE,Finding Source Code Clones in Intermediate Representations of Java Bytecode,A. Sch√§fer; T. S. Heinze; W. Amme,2023 IEEE 17th International Workshop on Software Clones (IWSC),2023,10.1109/IWSC60764.2023.00014,0
26,IEEE,CCDive: A Deep Dive into Code Clone Detection Using Local Sequence Alignment,Y. Glani; L. Ping; S. A. Shah; L. Ke,Tsinghua Science and Technology,2025,10.26599/TST.2024.9010075,0
27,Scopus,Scalable code clone detection and search based on adaptive prefix filtering,"Nishi, Manziba Akanda (57194030414); Damevski, Kostadin (6507659927)",Journal of Systems and Software,2018,10.1016/j.jss.2017.11.039,0
28,Scopus,Enhancing code clone detection using control flow graphs,"Kim, Dong Kwan (56019448100)",International Journal of Electrical and Computer Engineering,2019,10.11591/ijece.v9i5.pp3804-3812,0
29,Scopus,IBFET: Index-based features extraction technique for scalable code clone detection at file level granularity,"Akram, Junaid (57204390449); Mumtaz, Majid (57204395073); Luo, Ping (55705278900)",Software - Practice and Experience,2020,10.1002/spe.2759,0
30,Scopus,Code Inspection Support for Recurring Changes with Deep Learning in Evolving Software,"Ayinala, Krishna Teja (57219384573); Cheng, Kwok Sun (57209005830); Oh, Kwangsung (56403899200); Song, Teukseob (8907774400); Song, Myoungkyu (32868182400)","Proceedings - 2020 IEEE 44th Annual Computers, Software, and Applications Conference, COMPSAC 2020",2020,10.1109/COMPSAC48688.2020.0-149,0
31,Scopus,Tool Support for Code Change Inspection with Deep Learning in Evolving Software,"Ayinala, Krishna Teja (57219384573); Cheng, Kwok Sun (57209005830); Oh, Kwangsung (56403899200); Song, Myoungkyu (32868182400)",IEEE International Conference on Electro Information Technology,2020,10.1109/EIT48999.2020.9208280,0
32,Scopus,Finding Code-Clone Snippets in Large Source-Code Collection by ccgrep,"Inoue, Katsuro (7601540520); Miyamoto, Yuya (57219688351); German, Daniel M. (57207886015); Ishio, Takashi (8381338700)",IFIP Advances in Information and Communication Technology,2021,10.1007/978-3-030-75251-4_3,0
33,Scopus,Indexing source code and clone detection,"Tronicek, Zdenek (55936595100)",Information and Software Technology,2022,10.1016/j.infsof.2021.106805,0
34,Scopus,Precise Code Clone Detection with Architecture of Abstract Syntax Trees,"Guo, Xin (57205361807); Zhang, Ruyun (57219314221); Zhou, Lu (57296300800); Lu, Xiaozhen (57200177387)",Lecture Notes in Computer Science (including subseries Lecture Notes in Artificial Intelligence and Lecture Notes in Bioinformatics),2022,10.1007/978-3-031-19211-1_10,0
35,Scopus,FastDCF: A Partial Index Based Distributed and Scalable Near-Miss Code Clone Detection Approach for Very Large Code Repositories,"Yang, Liming (57563453600); Ren, Yi (55231122300); Guan, Jianbo (9250652100); Li, Bao (57199787773); Ma, Jun (59047906500); Han, Peng (57564218500); Tan, Yusong (7402139872)",Lecture Notes in Computer Science (including subseries Lecture Notes in Artificial Intelligence and Lecture Notes in Bioinformatics),2022,10.1007/978-3-030-96772-7_20,0
36,Scopus,CodeGuard: enhancing accuracy in detecting clones within java source code,"Glani, Yasir (57194453115); Ping, Luo (55705278900)",Frontiers in Computer Science,2024,10.3389/fcomp.2024.1455860,0
37,Scopus,Toward a Theory of Causation for Interpreting Neural Code Models,"Nader Palacio, David (57215358958); Velasco, Alejandro (58548501800); Cooper, Nathan (57194646990); Rodriguez, Alvaro (58109782400); Moran, Kevin (57095532500); Poshyvanyk, Denys (13613571900)",IEEE Transactions on Software Engineering,2024,10.1109/TSE.2024.3379943,0
38,Scopus,Accurate code fragment clone detection and its application in identifying known CVE clones,"Arutunian, Mariam (57188582313); Sargsyan, Sevak (57073493300); Hovhannisyan, Hripsime (57223051764); Khroyan, Garnik (59505619400); Mkrtchyan, Albert (59505398200); Movsisyan, Hovhannes (57209224199); Avetisyan, Arutyun (56274803200); Aslanyan, Hayk (57222249404)",International Journal of Information Security,2025,10.1007/s10207-024-00968-z,0
39,Scopus,SNCD: A fast and scalable distributed near-miss code clone detector for big code based on partial index,"Yang, Liming (57563453600); Zhao, Jun (57191637376); Xie, Rulin (59547178200); Ren, Yi (55231122300); Guan, Jianbo (9250652100); Li, Bao (57199787773); Ma, Jun (56873512900); Tan, Yusong (7402139872)",Future Generation Computer Systems,2025,10.1016/j.future.2025.107743,0
40,Scopus,Development and benchmarking of multilingual code clone detector,"Zhu, Wenqing (57318319600); Yoshida, Norihiro (36176694200); Kamiya, Toshihiro (56218821800); Choi, Eunjong (41561025900); Takada, Hiroaki (7201702334)",Journal of Systems and Software,2025,10.1016/j.jss.2024.112215,0
