Judge #1,,,,,Judge #2,,,,,Both,,,Agreed,,,,Final + LLM,,"Conflict with gpt-4o, 5 runs",,,,,,,,,,,,,,,,,,,,,,,,,,,,,,
Pair,L,R,Label L,Label R,Pair,L,R,Label L,Label R,P,L,R,P,L,R,Final,,Notes,,1,2,3,4,5,,U4o,2,3,4,5,,,F4oM,2,3,4,5,,U4M,2,3,4,5,,A File,B File,A id,B id,
F,F,F,wrong,wrong,F,F,F,wrong,wrong,F,F,F,,,,F,,,,0,0,0,0,0,,0,0,0,0,0,,,0,0,0,0,0,,0,0,0,0,0,,2_131818#8#29.java,2_1293420#116#163.java,9217,18575609,2
F,F,T,wrong,major,F,F,T,wrong,major,F,F,T,,,,F,,,,0,0,0,0,0,,0,0,0,0,0,,,0,0,0,0,0,,0,0,0,0,0,,2_94284#8#29.java,2_1850177#196#215.java,76427,7797614,2
F,F,F,test,minor,F,F,F,test,wrong,F,F,F,,,,F,,,,0,0,0,0,0,,0,0,0,0,0,,,0,0,0,0,0,,0,0,0,0,0,,2_64550#32#75.java,2_454917#543#565.java,151947,11188585,2
F,T,F,major,minor,F,T,F,major,minor,F,T,F,,,,F,,,,0,0,0,0,0,,0,0,0,0,0,,,0,0,0,0,0,,0,0,0,0,0,,2_51635#26#41.java,2_560818#143#245.java,156369,19340788,2
F,F,F,wrong,wrong,F,F,F,wrong,minor,F,F,F,,,,F,,,,0,0,0,0,0,,0,0,0,0,0,,,0,0,0,0,0,,0,0,0,0,0,,2_73348#8#31.java,2_509358#28#72.java,196392,6992204,2
F,F,T,wrong,major,F,F,T,wrong,major,F,F,T,,,,F,,,,0,0,0,0,0,,0,0,0,0,0,,,0,0,0,0,0,,0,0,0,0,0,,2_48815#42#69.java,2_911385#88#100.java,2887981,3609806,2
F,F,F,test,wrong,T,F,T,test,major,#,F,#,F,,F,F,,,,0,0,0,0,0,,0,0,0,0,0,,,0,0,0,0,0,,0,0,0,0,0,,2_2186639#148#170.java,2_614288#101#139.java,3493863,7802218,2
F,T,F,major,minor,F,T,F,major,wrong,F,T,F,,,,F,,,,0,0,0,0,0,,0,0,0,0,0,,,0,0,0,0,0,,0,0,0,0,0,,2_911385#88#100.java,2_162942#34#41.java,3609806,10642765,2
F,F,F,wrong,wrong,F,F,T,wrong,major,F,F,#,,,,F,,,,0,0,0,0,0,,0,0,0,0,0,,,0,0,0,0,0,,0,0,0,0,0,,2_1036591#15#29.java,2_1937566#191#202.java,6993344,7633336,2
F,F,F,wrong,wrong,T,T,T,major,major,#,#,#,F,T,F,F,,,,0,0,0,0,0,,0,0,0,0,0,,,0,0,0,0,0,,0,0,0,0,0,,2_1834805#66#89.java,2_1141298#34#60.java,7005222,15660054,2
F,F,F,wrong,incomplete,T,F,T,minor,major,#,F,#,F,,F,F,,,,0,0,0,0,0,,0,0,0,0,0,,,0,0,0,0,0,,0,0,0,0,0,,2_1099926#303#325.java,2_1688089#191#200.java,8023601,16899717,2
F,F,F,wrong,wrong,F,T,F,major,minor,F,#,F,,,,F,,,,0,0,0,0,0,,0,0,0,0,0,,,0,0,0,0,0,,0,0,0,0,0,,2_18267#170#244.java,2_2286599#89#138.java,13207437,22560734,2
F,F,F,wrong,wrong,F,F,F,minor,minor,F,F,F,,,,F,,,,0,0,0,0,0,,0,0,0,0,0,,,0,0,0,0,0,,0,0,0,0,0,,2_755330#71#180.java,2_1348519#151#203.java,14038399,21808207,2
F,F,F,wrong,wrong,F,T,F,major,minor,F,#,F,,,,F,,,,0,0,0,0,0,,0,0,0,0,0,,,0,0,0,0,0,,0,0,0,0,0,,2_1488622#120#145.java,2_651805#65#86.java,14914613,20900753,2
F,F,F,wrong,wrong,F,F,F,minor,minor,F,F,F,,,,F,,,,0,0,0,0,0,,0,0,0,0,0,,,0,0,0,0,0,,0,0,0,0,0,,2_1870997#26#170.java,2_47927#161#258.java,15453012,21822158,2
F,F,F,wrong,wrong,F,T,F,major,minor,F,#,F,,,,F,,,,0,0,0,0,0,,0,0,0,0,0,,,0,0,0,0,0,,0,0,0,0,0,,2_7062#36#73.java,2_2418344#20#59.java,17261985,18326088,2
F,F,F,wrong,incomplete,F,F,T,minor,major,F,F,#,,,,F,,,,0,0,0,0,0,,0,0,0,0,0,,,0,0,0,0,0,,0,0,0,0,0,,2_572967#98#136.java,2_1643478#31#40.java,20453777,21393871,2
F,F,F,wrong,wrong,F,F,F,minor,minor,F,F,F,,,,F,,,,0,0,0,0,0,,0,0,0,0,0,,,0,0,0,0,0,,0,0,0,0,0,,2_1404320#163#197.java,2_1078366#51#97.java,21970882,22503685,2
F,F,T,wrong,major,F,F,T,minor,major,F,F,T,,,,F,,,,0,0,0,0,0,,0,0,0,0,0,,,0,0,0,0,0,,0,0,0,0,0,,3_84168#66#160.java,3_1920325#23#29.java,249176,23335922,3
F,F,F,wrong,minor,F,F,T,minor,major,F,F,#,,,,F,,,,0,0,0,0,0,,0,0,0,0,0,,,0,0,0,0,0,,0,0,0,0,0,,3_89653#82#211.java,3_123010#32#57.java,631632,15741989,3
F,T,F,major,minor,T,T,T,major,major,#,T,#,F,,F,F,,,,0,0,0,0,0,,0,0,0,0,0,,,0,0,0,0,0,,0,0,0,0,0,,3_2558813#16#24.java,3_1121284#7#21.java,1023289,18398590,3
F,F,F,minor,wrong,T,T,T,major,major,#,#,#,F,F,F,F,,,,0,0,0,0,0,,0,0,0,0,0,,,0,0,0,0,0,,0,0,0,0,0,,3_1031460#66#80.java,3_2409201#35#49.java,1092728,5402254,3
F,F,T,minor,major,T,T,T,major,major,#,#,T,T,T,,T,T,UTF-8 padding,TF,0,0,0,0,0,!!,100,0,100,0,100,W,TF,0,0,0,0,0,TF,0,0,0,0,0,,3_1662037#227#250.java,3_1294574#32#43.java,1175822,5976298,3
F,F,T,wrong,major,T,T,T,major,major,#,#,T,F,F,,F,,,,0,0,0,0,0,,0,0,0,0,0,,,0,0,0,0,0,,0,0,0,0,0,,3_1503636#212#218.java,3_2210331#88#103.java,1604134,11121668,3
T,T,T,major,major,T,T,T,major,major,T,T,T,,,,T,T,SHA,TF,0,0,0,0,0,TF,0,0,0,0,0,,TF,0,0,0,0,0,TF,0,0,0,0,0,,3_916843#13#32.java,3_2704286#68#84.java,1685861,1899629,3
F,T,F,major,wrong,T,T,T,major,major,#,T,#,F,,F,F,,,,0,0,0,0,0,,0,0,0,0,0,,,0,0,0,0,0,,0,0,0,0,0,,3_2646810#40#49.java,3_459795#243#256.java,1914865,22622804,3
F,F,F,test,wrong,F,F,F,test,minor,F,F,F,,,,F,,,,0,0,0,0,0,,0,0,0,0,0,,,0,0,0,0,0,,0,0,0,0,0,,3_411410#146#177.java,3_2300213#157#191.java,2126181,23034378,3
F,F,F,wrong,wrong,T,T,T,major,major,#,#,#,F,F,F,F,,,,0,0,0,0,0,,0,0,0,0,0,,,0,0,0,0,0,,0,0,0,0,0,,3_2001558#109#126.java,3_2449914#192#215.java,2275418,15948682,3
T,T,T,major,major,T,T,T,major,major,T,T,T,,,,T,T,SHA,TF,0,0,0,0,0,TF,0,0,0,0,0,,TF,0,0,0,0,0,TF,0,0,0,0,0,,3_400521#33#41.java,3_648694#13#29.java,2431931,18631594,3
F,F,F,minor,incomplete,F,F,T,minor,major,F,F,#,,,,F,,,,0,0,0,0,0,,0,0,0,0,0,,,0,0,0,0,0,,0,0,0,0,0,,3_2083509#187#218.java,3_828599#20#28.java,2654261,10539421,3
T,T,T,major,major,T,T,T,major,major,T,T,T,,,,T,T,SHA,TF,0,0,0,0,0,TF,0,0,0,0,0,,,100,100,100,100,100,TF,0,0,0,0,0,,3_1825954#16#33.java,3_562392#98#111.java,2832003,22479286,3
F,F,T,wrong,major,T,T,T,major,major,#,#,T,F,F,,F,,,,0,0,0,0,0,,0,0,0,0,0,,,0,0,0,0,0,,0,0,0,0,0,,3_2347243#240#256.java,3_893450#93#111.java,3160590,12876684,3
F,T,F,major,incomplete,T,T,T,major,major,#,T,#,T,,T,T,T,UTF-8,TF,0,0,0,0,0,TF,0,0,0,0,0,,TF,0,0,0,0,0,TF,0,0,0,0,0,,3_2626054#15#30.java,3_878659#45#52.java,3788557,16367499,3
F,T,F,major,wrong,F,T,F,major,minor,F,T,F,,,,F,,,,0,0,0,0,0,,0,0,0,0,0,,,0,0,0,0,0,,0,0,0,0,0,,3_999978#13#29.java,3_450481#67#110.java,4298180,17334847,3
F,T,F,major,incomplete,T,T,T,major,major,#,T,#,T,,T,T,T,SHA,TF,0,0,0,0,0,TF,0,0,0,0,0,,TF,0,0,0,0,0,TF,0,0,0,0,0,,3_336710#58#72.java,3_2104219#48#60.java,4364579,6625074,3
F,T,F,major,wrong,F,T,F,major,minor,F,T,F,,,,F,,,,0,0,0,0,0,,0,0,0,0,0,,,0,0,0,0,0,,0,0,0,0,0,,3_2310574#272#282.java,3_1886889#235#256.java,4569312,9778726,3
F,T,F,major,wrong,T,T,T,major,major,#,T,#,F,,F,F,,,,0,0,0,0,0,,0,0,0,0,0,,,0,0,0,0,0,,0,0,0,0,0,,3_600054#169#185.java,3_1782966#41#49.java,5933082,21044331,3
T,T,T,major,major,T,T,T,major,major,T,T,T,,,,T,T,SHA,TF,0,0,0,0,0,TF,0,0,0,0,0,,TF,0,0,0,0,0,TF,0,0,0,0,0,,3_1775595#13#29.java,3_2364224#387#394.java,6150596,22262998,3
F,F,T,wrong,major,T,T,T,major,major,#,#,T,F,F,,F,,,,0,0,0,0,0,,0,0,0,0,0,,,0,0,0,0,0,,0,0,0,0,0,,3_164132#156#172.java,3_1422739#16#32.java,6182434,21513130,3
F,F,T,wrong,major,T,T,T,major,major,#,#,T,F,F,,F,,,,0,0,0,0,0,,0,0,0,0,0,,,0,0,0,0,0,,0,0,0,0,0,,3_1404058#41#45.java,3_2681007#21#33.java,6778220,14945924,3
F,F,T,minor,major,T,T,T,major,major,#,#,T,F,F,,F,,,,0,0,0,0,0,,0,0,0,0,0,,,0,0,0,0,0,,0,0,0,0,0,,3_2735223#218#235.java,3_2260020#348#355.java,7372311,8908943,3
F,F,F,wrong,minor,T,T,T,major,major,#,#,#,F,F,F,F,,,,0,0,0,0,0,,0,0,0,0,0,,,0,0,0,0,0,,0,0,0,0,0,,3_974503#142#147.java,3_2713526#41#75.java,7556871,8024375,3
F,T,F,major,wrong,F,T,F,major,minor,F,T,F,,,,F,,,,0,0,0,0,0,,0,0,0,0,0,,,0,0,0,0,0,,0,0,0,0,0,,3_2620332#376#383.java,3_1394192#49#65.java,7680527,19392665,3
F,T,F,major,minor,T,T,T,major,major,#,T,#,F,,F,F,,,,0,0,0,0,0,,0,0,0,0,0,,,0,0,0,0,0,,0,0,0,0,0,,3_1900264#123#137.java,3_1518242#204#226.java,8854731,22431492,3
T,T,T,major,major,T,T,T,major,major,T,T,T,,,,T,,,,100,100,100,100,100,,100,100,100,100,100,,,100,100,100,100,100,,100,100,100,100,100,,3_2073774#16#37.java,3_294407#131#140.java,10933932,22281203,3
F,F,F,minor,wrong,T,T,T,major,major,#,#,#,F,F,F,F,,,,0,0,0,0,0,,0,0,0,0,0,,,0,0,0,0,0,,0,0,0,0,0,,3_541481#305#318.java,3_736221#112#121.java,11018792,16700020,3
F,F,T,minor,major,T,T,T,major,major,#,#,T,F,F,,F,,,,0,0,0,0,0,,0,0,0,0,0,,,0,0,0,0,0,,0,0,0,0,0,,3_629366#340#360.java,3_107453#52#58.java,11592707,14616047,3
F,F,F,minor,wrong,T,T,T,major,major,#,#,#,F,F,F,F,,,,0,0,0,0,0,FT,100,100,100,100,100,W,,0,0,0,0,0,,0,0,0,0,0,,3_892708#143#179.java,3_745221#80#98.java,14091098,23291292,3
F,F,T,minor,major,T,T,T,major,major,#,#,T,F,F,,F,,,,0,0,0,0,0,,0,0,0,0,0,,,0,0,0,0,0,,0,0,0,0,0,,3_2339976#15#27.java,3_1157126#17#23.java,14479581,17994731,3
F,F,T,minor,major,F,F,T,minor,major,F,F,T,,,,F,,,,0,0,0,0,0,,0,0,0,0,0,,,0,0,0,0,0,,0,0,0,0,0,,3_1209005#63#84.java,3_782936#97#107.java,14511387,21163359,3
F,F,F,minor,minor,T,T,T,major,major,#,#,#,F,F,F,F,,,,0,0,0,0,0,,0,0,0,0,0,,,0,0,0,0,0,,0,0,0,0,0,,3_705884#38#72.java,3_829893#55#65.java,14887616,16087901,3
T,T,T,major,major,T,T,T,major,major,T,T,T,,,,T,,,,100,100,100,100,100,,100,100,100,100,100,,,100,100,100,100,100,,100,100,100,100,100,,3_1851422#27#34.java,3_756631#30#40.java,15894276,20267318,3
F,T,F,major,minor,F,T,F,major,minor,F,T,F,,,,F,,,,0,0,0,0,0,,0,0,0,0,0,,,0,0,0,0,0,,0,0,0,0,0,,3_1702867#47#58.java,3_1411934#30#54.java,15982225,16556715,3
F,F,F,minor,minor,T,T,T,major,major,#,#,#,F,F,F,F,,,,0,0,0,0,0,,0,0,0,0,0,,,0,0,0,0,0,,0,0,0,0,0,,3_74895#134#143.java,3_1418610#464#476.java,16116225,21090887,3
F,T,F,major,minor,T,T,T,major,major,#,T,#,F,,F,F,,,,0,0,0,0,0,,0,0,0,0,0,,,0,0,0,0,0,,0,0,0,0,0,,3_1492548#1354#1371.java,3_1268519#112#185.java,18840586,18985881,3
F,F,F,minor,incomplete,F,F,F,minor,incomplete,F,F,F,,,,F,,,,0,0,0,0,0,,0,0,0,0,0,,,0,0,0,0,0,,0,0,0,0,0,,4_6930#27#46.java,4_1117280#39#41.java,10851,11826346,4
F,F,F,minor,minor,F,F,F,wrong,wrong,F,F,F,,,,F,,,,0,0,0,0,0,,0,0,0,0,0,,,0,0,0,0,0,,0,0,0,0,0,,4_51251#41#83.java,4_207366#52#77.java,35934,20735941,4
F,F,F,minor,wrong,F,F,F,wrong,wrong,F,F,F,,,,F,,,,0,0,0,0,0,,0,0,0,0,0,,,0,0,0,0,0,,0,0,0,0,0,,4_41605#90#172.java,4_2553462#41#84.java,44823,9339937,4
F,F,F,wrong,wrong,F,F,F,wrong,wrong,F,F,F,,,,F,,,,0,0,0,0,0,,0,0,0,0,0,,,0,0,0,0,0,,0,0,0,0,0,,4_34342#27#46.java,4_2599719#874#900.java,44949,8778962,4
F,F,F,wrong,wrong,F,F,F,wrong,wrong,F,F,F,,,,F,,,,0,0,0,0,0,,0,0,0,0,0,,,0,0,0,0,0,,0,0,0,0,0,,4_6756#90#172.java,4_2061440#90#151.java,91017,13852596,4
F,F,T,wrong,major,F,F,T,wrong,major,F,F,T,,,,F,,,,0,0,0,0,0,,0,0,0,0,0,,,0,0,0,0,0,,0,0,0,0,0,,4_27443#367#414.java,4_1761827#86#102.java,98368,19926877,4
F,F,F,wrong,test,F,F,F,wrong,minor,F,F,F,,,,F,,,,0,0,0,0,0,,0,0,0,0,0,,,0,0,0,0,0,,0,0,0,0,0,,4_111151#27#46.java,4_1760061#8#24.java,126187,22224116,4
F,F,F,wrong,wrong,F,F,F,wrong,minor,F,F,F,,,,F,,,,0,0,0,0,0,,0,0,0,0,0,,,0,0,0,0,0,,0,0,0,0,0,,4_50141#90#172.java,4_2639183#198#327.java,137600,12838274,4
F,F,F,wrong,minor,F,F,T,wrong,major,F,F,#,,,,F,,,,0,0,0,0,0,,0,0,0,0,0,,,0,0,0,0,0,,0,0,0,0,0,,4_84530#90#172.java,4_406256#959#985.java,149935,20100809,4
F,F,F,wrong,minor,F,F,F,wrong,wrong,F,F,F,,,,F,,,,0,0,0,0,0,,0,0,0,0,0,,,0,0,0,0,0,,0,0,0,0,0,,4_56686#90#172.java,4_2045423#55#68.java,204078,3958807,4
F,F,F,wrong,minor,F,F,F,wrong,wrong,F,F,F,,,,F,,,,0,0,0,0,0,,0,0,0,0,0,,,0,0,0,0,0,,0,0,0,0,0,,4_64536#90#172.java,4_295232#48#52.java,210006,20644477,4
F,F,T,minor,major,F,F,T,wrong,major,F,F,T,,,,F,,,,0,0,0,0,0,,0,0,0,0,0,,,0,0,0,0,0,,0,0,0,0,0,,4_126904#872#898.java,4_2028451#304#311.java,250596,10797051,4
F,T,F,major,minor,F,T,F,major,minor,F,T,F,,,,F,,,,0,0,0,0,0,,0,0,0,0,0,,,0,0,0,0,0,FT,100,100,100,100,100,,4_78884#30#48.java,4_1493909#493#504.java,266990,12499532,4
F,F,F,wrong,wrong,F,F,F,wrong,minor,F,F,F,,,,F,,,,0,0,0,0,0,,0,0,0,0,0,,,0,0,0,0,0,,0,0,0,0,0,,4_48067#27#46.java,4_1591824#251#301.java,288978,12465375,4
F,F,T,wrong,major,F,F,T,wrong,major,F,F,T,,,,F,,,,0,0,0,0,0,,0,0,0,0,0,,,0,0,0,0,0,,0,0,0,0,0,,4_48067#27#46.java,4_327063#157#168.java,288978,3584277,4
F,F,F,wrong,minor,F,F,F,wrong,minor,F,F,F,,,,F,,,,0,0,0,0,0,,0,0,0,0,0,,,0,0,0,0,0,,0,0,0,0,0,,4_103511#27#46.java,4_188666#112#141.java,303331,3806532,4
F,F,T,wrong,major,F,F,T,wrong,major,F,F,T,,,,F,,,,0,0,0,0,0,,0,0,0,0,0,,,0,0,0,0,0,,0,0,0,0,0,,4_114479#90#172.java,4_889549#75#86.java,310182,10536444,4
T,T,T,major,major,T,T,T,major,major,T,T,T,,,,T,,,,100,100,100,100,100,TF,0,0,0,0,0,I,!!,100,0,100,0,100,TF,0,0,0,0,0,,4_34119#1081#1089.java,4_2187820#20#28.java,316912,16948799,4
F,F,F,wrong,test,F,F,F,wrong,test,F,F,F,,,,F,,,,0,0,0,0,0,,0,0,0,0,0,,,0,0,0,0,0,,0,0,0,0,0,,4_82382#27#46.java,4_108342#100#117.java,330216,14843540,4
F,F,T,wrong,major,F,F,T,wrong,major,F,F,T,,,,F,,,,0,0,0,0,0,,0,0,0,0,0,,,0,0,0,0,0,,0,0,0,0,0,,4_19968#367#414.java,4_1049350#40#56.java,373792,20886787,4
F,F,F,minor,wrong,F,F,F,wrong,wrong,F,F,F,,,,F,,,,0,0,0,0,0,,0,0,0,0,0,,,0,0,0,0,0,,0,0,0,0,0,,4_77069#872#898.java,4_118790#27#46.java,411631,811157,4
F,F,F,wrong,wrong,F,F,F,wrong,wrong,F,F,F,,,,F,,,,0,0,0,0,0,,0,0,0,0,0,,,0,0,0,0,0,,0,0,0,0,0,,4_117641#90#172.java,4_2407741#109#170.java,420619,18099086,4
F,F,F,wrong,wrong,F,F,F,wrong,wrong,F,F,F,,,,F,,,,0,0,0,0,0,,0,0,0,0,0,,,0,0,0,0,0,,0,0,0,0,0,,4_117641#90#172.java,4_1627411#45#83.java,420619,5824705,4
F,F,T,wrong,major,F,F,F,wrong,minor,F,F,#,,,,F,,,,0,0,0,0,0,,0,0,0,0,0,,,0,0,0,0,0,,0,0,0,0,0,,4_87946#90#172.java,4_396851#203#227.java,480017,8296360,4
F,T,F,major,wrong,F,T,F,major,wrong,F,T,F,,,,F,,,,0,0,0,0,0,,0,0,0,0,0,,,0,0,0,0,0,,0,0,0,0,0,,4_52898#7#19.java,4_2090289#45#128.java,539195,1954410,4
F,F,F,wrong,wrong,F,F,F,wrong,minor,F,F,F,,,,F,,,,0,0,0,0,0,,0,0,0,0,0,,,0,0,0,0,0,,0,0,0,0,0,,4_102678#27#46.java,4_1054088#28#72.java,597134,10916692,4
F,F,F,wrong,wrong,F,F,F,wrong,wrong,F,F,F,,,,F,,,,0,0,0,0,0,,0,0,0,0,0,,,0,0,0,0,0,,0,0,0,0,0,,4_22724#27#46.java,4_2518721#75#92.java,624490,2972950,4
F,F,F,wrong,wrong,F,F,F,wrong,wrong,F,F,F,,,,F,,,,0,0,0,0,0,,0,0,0,0,0,,,0,0,0,0,0,,0,0,0,0,0,,4_22724#27#46.java,4_1590185#168#192.java,624490,21089172,4
F,F,F,minor,wrong,F,F,F,wrong,wrong,F,F,F,,,,F,,,,0,0,0,0,0,,0,0,0,0,0,,,0,0,0,0,0,,0,0,0,0,0,,4_18373#564#591.java,4_344599#72#81.java,687106,8425181,4
F,F,F,minor,wrong,F,F,F,wrong,minor,F,F,F,,,,F,,,,0,0,0,0,0,,0,0,0,0,0,,,0,0,0,0,0,,0,0,0,0,0,,4_18373#564#591.java,4_518912#124#158.java,687106,8546232,4
F,F,F,test,wrong,F,F,F,wrong,wrong,F,F,F,,,,F,,,,0,0,0,0,0,,0,0,0,0,0,,,0,0,0,0,0,,0,0,0,0,0,,4_37863#167#247.java,4_474742#156#287.java,694747,7149578,4
F,F,T,wrong,major,F,F,T,wrong,major,F,F,T,,,,F,,,,0,0,0,0,0,,0,0,0,0,0,,,0,0,0,0,0,,0,0,0,0,0,,4_21679#90#172.java,4_1371986#196#204.java,704314,14157859,4
F,F,T,wrong,major,F,F,T,wrong,major,F,F,T,,,,F,,,,0,0,0,0,0,,0,0,0,0,0,,,0,0,0,0,0,,0,0,0,0,0,,4_21679#90#172.java,4_215042#58#70.java,704314,23613195,4
F,F,F,wrong,wrong,F,F,F,wrong,wrong,F,F,F,,,,F,,,,0,0,0,0,0,,0,0,0,0,0,,,0,0,0,0,0,,0,0,0,0,0,,4_132716#27#46.java,4_1791239#31#81.java,709584,8939074,4
F,F,T,wrong,major,F,F,T,wrong,major,F,F,T,,,,F,,,,0,0,0,0,0,,0,0,0,0,0,,,0,0,0,0,0,,0,0,0,0,0,,4_127472#60#107.java,4_1230451#283#294.java,740874,21285620,4
F,F,F,wrong,wrong,F,F,F,wrong,wrong,F,F,F,,,,F,,,,0,0,0,0,0,,0,0,0,0,0,,,0,0,0,0,0,,0,0,0,0,0,,4_118790#27#46.java,4_1959984#38#55.java,811157,2691849,4
F,F,F,wrong,wrong,F,F,F,wrong,minor,F,F,F,,,,F,,,,0,0,0,0,0,,0,0,0,0,0,,,0,0,0,0,0,,0,0,0,0,0,,4_118790#27#46.java,4_2301433#1006#1028.java,811157,3993124,4
F,F,T,wrong,major,F,F,T,wrong,major,F,F,T,,,,F,,,,0,0,0,0,0,,0,0,0,0,0,,,0,0,0,0,0,,0,0,0,0,0,,4_134632#90#172.java,4_1495157#230#237.java,812803,9186576,4
F,F,F,wrong,wrong,F,F,F,wrong,wrong,F,F,F,,,,F,,,,0,0,0,0,0,,0,0,0,0,0,,,0,0,0,0,0,,0,0,0,0,0,,4_89548#90#172.java,4_1774039#27#30.java,823074,9722633,4
F,F,F,minor,wrong,F,F,F,wrong,wrong,F,F,F,,,,F,,,,0,0,0,0,0,,0,0,0,0,0,,,0,0,0,0,0,,0,0,0,0,0,,4_85394#836#862.java,4_1828730#84#113.java,831649,4042184,4
F,F,F,minor,wrong,F,F,F,wrong,wrong,F,F,F,,,,F,,,,0,0,0,0,0,,0,0,0,0,0,,,0,0,0,0,0,,0,0,0,0,0,,4_85394#872#898.java,4_919349#629#659.java,831650,9118411,4
F,F,F,wrong,wrong,F,F,F,wrong,wrong,F,F,F,,,,F,,,,0,0,0,0,0,,0,0,0,0,0,,,0,0,0,0,0,,0,0,0,0,0,,4_82481#27#46.java,4_1521653#213#273.java,850680,17597670,4
F,F,F,wrong,wrong,F,F,F,wrong,wrong,F,F,F,,,,F,,,,0,0,0,0,0,,0,0,0,0,0,,,0,0,0,0,0,,0,0,0,0,0,,4_55710#367#414.java,4_882365#57#86.java,921317,6171405,4
F,T,F,major,wrong,F,T,F,major,wrong,F,T,F,,,,F,,,,0,0,0,0,0,,0,0,0,0,0,,,0,0,0,0,0,,0,0,0,0,0,,4_100020#296#315.java,4_2248635#204#209.java,938889,3287812,4
F,F,F,wrong,minor,F,F,T,wrong,major,F,F,#,,,,F,,,,0,0,0,0,0,,0,0,0,0,0,,,0,0,0,0,0,,0,0,0,0,0,,4_52379#90#172.java,4_1793093#151#170.java,941896,12800568,4
F,F,F,wrong,wrong,F,F,F,wrong,wrong,F,F,F,,,,F,,,,0,0,0,0,0,,0,0,0,0,0,,,0,0,0,0,0,,0,0,0,0,0,,4_22134#90#172.java,4_2720699#28#44.java,942693,20517803,4
F,F,T,wrong,major,F,F,T,wrong,major,F,F,T,,,,F,,,,0,0,0,0,0,,0,0,0,0,0,,,0,0,0,0,0,,0,0,0,0,0,,4_566527#182#187.java,4_2197076#224#238.java,983036,17830886,4
F,T,F,major,wrong,F,T,F,major,wrong,F,T,F,,,,F,,,,0,0,0,0,0,,0,0,0,0,0,,,0,0,0,0,0,,0,0,0,0,0,,4_1720009#19#52.java,4_600920#186#224.java,1048665,13940142,4
F,F,F,wrong,wrong,F,F,F,wrong,wrong,F,F,F,,,,F,,,,0,0,0,0,0,,0,0,0,0,0,,,0,0,0,0,0,,0,0,0,0,0,,4_2152346#38#71.java,4_1395350#24#50.java,1180878,13666876,4
F,F,T,wrong,major,F,F,T,wrong,major,F,F,T,,,,F,,,,0,0,0,0,0,,0,0,0,0,0,,,0,0,0,0,0,,0,0,0,0,0,,4_2309025#43#71.java,4_1831582#207#224.java,1244216,10067028,4
F,F,F,wrong,wrong,F,F,F,wrong,wrong,F,F,F,,,,F,,,,0,0,0,0,0,,0,0,0,0,0,,,0,0,0,0,0,,0,0,0,0,0,,4_2309025#43#71.java,4_1091654#63#69.java,1244216,18042543,4
F,F,T,minor,major,F,F,F,incomplete,wrong,F,F,#,,,,F,F,Signature,FT,100,100,100,100,100,FT,100,100,100,100,100,,,0,0,0,0,0,,0,0,0,0,0,,4_2484283#80#91.java,4_971518#20#29.java,1357662,11403723,4
F,F,F,wrong,minor,F,F,F,wrong,wrong,F,F,F,,,,F,,,,0,0,0,0,0,,0,0,0,0,0,,,0,0,0,0,0,,0,0,0,0,0,,4_27526#62#81.java,4_1535796#130#149.java,1455792,6432491,4
F,F,F,minor,wrong,F,F,F,wrong,wrong,F,F,F,,,,F,,,,0,0,0,0,0,,0,0,0,0,0,,,0,0,0,0,0,,0,0,0,0,0,,4_2617581#177#236.java,4_1008617#78#121.java,1741432,18661682,4
F,T,F,major,wrong,F,T,F,major,wrong,F,T,F,,,,F,,,,0,0,0,0,0,,0,0,0,0,0,,,0,0,0,0,0,,0,0,0,0,0,,4_2350542#38#47.java,4_100932#82#103.java,1863214,2642914,4
F,F,F,minor,minor,F,F,F,incomplete,wrong,F,F,F,,,,F,,,,0,0,0,0,0,,0,0,0,0,0,,,0,0,0,0,0,,0,0,0,0,0,,4_142902#78#104.java,4_2676871#89#120.java,1890824,16719805,4
F,F,F,wrong,wrong,F,F,F,wrong,wrong,F,F,F,,,,F,,,,0,0,0,0,0,,0,0,0,0,0,,,0,0,0,0,0,,0,0,0,0,0,,4_1745969#160#165.java,4_2601583#48#56.java,1949890,7174662,4
F,T,F,major,wrong,F,T,F,major,wrong,F,T,F,,,,F,,,,0,0,0,0,0,,0,0,0,0,0,,,0,0,0,0,0,,0,0,0,0,0,,4_280336#12#20.java,4_184404#42#44.java,2066343,19962035,4
F,F,F,wrong,wrong,F,F,F,wrong,wrong,F,F,F,,,,F,,,,0,0,0,0,0,,0,0,0,0,0,,,0,0,0,0,0,,0,0,0,0,0,,4_1878799#359#370.java,4_684569#63#106.java,2168322,11779245,4
F,F,F,minor,minor,F,F,F,minor,minor,F,F,F,,,,F,,,,0,0,0,0,0,,0,0,0,0,0,,,0,0,0,0,0,,0,0,0,0,0,,4_321084#307#334.java,4_1114967#69#84.java,2198030,4591684,4
F,F,F,wrong,minor,F,F,T,wrong,major,F,F,#,,,,F,,,,0,0,0,0,0,,0,0,0,0,0,,,0,0,0,0,0,,0,0,0,0,0,,4_1545239#138#578.java,4_1129528#30#61.java,2235431,4232438,4
T,T,T,major,major,T,T,T,major,major,T,T,T,,,,T,,,,100,100,100,100,100,,100,100,100,100,100,,,100,100,100,100,100,,100,100,100,100,100,,4_1121084#40#51.java,4_999982#18#24.java,2252378,18542300,4
F,F,F,wrong,wrong,F,F,F,wrong,wrong,F,F,F,,,,F,,,,0,0,0,0,0,,0,0,0,0,0,,,0,0,0,0,0,,0,0,0,0,0,,4_2273008#39#86.java,4_778001#76#248.java,2324866,6961579,4
F,F,F,wrong,wrong,F,F,F,wrong,wrong,F,F,F,,,,F,,,,0,0,0,0,0,,0,0,0,0,0,,,0,0,0,0,0,,0,0,0,0,0,,4_740231#108#119.java,4_2709322#216#407.java,2386120,9261908,4
F,F,F,wrong,minor,F,F,F,wrong,wrong,F,F,F,,,,F,,,,0,0,0,0,0,,0,0,0,0,0,,,0,0,0,0,0,,0,0,0,0,0,,4_329626#64#73.java,4_1320790#31#40.java,2602105,19240485,4
F,F,F,wrong,minor,F,F,F,wrong,wrong,F,F,F,,,,F,,,,0,0,0,0,0,,0,0,0,0,0,,,0,0,0,0,0,,0,0,0,0,0,,4_264272#754#780.java,4_135830#203#236.java,2711644,3660402,4
F,F,T,wrong,major,F,F,T,wrong,major,F,F,T,,,,F,,,,0,0,0,0,0,,0,0,0,0,0,,,0,0,0,0,0,,0,0,0,0,0,,4_264272#790#816.java,4_1635001#803#815.java,2711645,6226270,4
F,F,T,wrong,major,F,F,T,minor,major,F,F,T,,,,F,,,,0,0,0,0,0,,0,0,0,0,0,,,0,0,0,0,0,!!,0,100,100,100,0,,4_2215970#211#222.java,4_920276#362#383.java,2721034,22998998,4
F,F,F,test,minor,F,F,F,test,wrong,F,F,F,,,,F,,,,0,0,0,0,0,,0,0,0,0,0,,,0,0,0,0,0,,0,0,0,0,0,,4_2078997#185#195.java,4_1835523#163#178.java,3024984,8407905,4
F,F,T,test,major,F,F,T,test,major,F,F,T,,,,F,,,,0,0,0,0,0,,0,0,0,0,0,,,0,0,0,0,0,,0,0,0,0,0,,4_2078997#244#254.java,4_199111#139#162.java,3024989,9195362,4
F,F,F,minor,wrong,F,T,F,major,wrong,F,#,F,,,,F,,,,0,0,0,0,0,,0,0,0,0,0,,,0,0,0,0,0,,0,0,0,0,0,,4_1269559#225#243.java,4_2599719#874#900.java,3046300,8778962,4
F,F,F,minor,test,F,T,F,major,wrong,F,#,F,,,,F,,,,0,0,0,0,0,,0,0,0,0,0,,,0,0,0,0,0,,0,0,0,0,0,,4_1269559#225#243.java,4_1802755#301#316.java,3046300,8966082,4
F,F,T,wrong,major,F,F,T,wrong,major,F,F,T,,,,F,,,,0,0,0,0,0,,0,0,0,0,0,,,0,0,0,0,0,,0,0,0,0,0,,4_199656#73#77.java,4_2546259#140#158.java,3061454,18578541,4
F,F,F,wrong,minor,F,F,T,wrong,major,F,F,#,,,,F,,,,0,0,0,0,0,,0,0,0,0,0,,,0,0,0,0,0,,0,0,0,0,0,,4_2704407#39#52.java,4_2196281#602#635.java,3104483,9996802,4
F,F,F,test,minor,F,F,F,test,wrong,F,F,F,,,,F,,,,0,0,0,0,0,,0,0,0,0,0,,,0,0,0,0,0,,0,0,0,0,0,,4_2469197#43#58.java,4_818379#60#81.java,3265819,9413061,4
F,F,F,wrong,wrong,F,F,F,wrong,wrong,F,F,F,,,,F,,,,0,0,0,0,0,,0,0,0,0,0,,,0,0,0,0,0,,0,0,0,0,0,,4_295236#68#107.java,4_1156117#61#87.java,3395310,5260867,4
F,F,F,wrong,wrong,F,F,F,wrong,wrong,F,F,F,,,,F,,,,0,0,0,0,0,,0,0,0,0,0,,,0,0,0,0,0,,0,0,0,0,0,,4_699272#254#366.java,4_2646900#194#231.java,3402503,14770729,4
F,T,F,major,wrong,F,T,F,major,wrong,F,T,F,,,,F,,,,0,0,0,0,0,,0,0,0,0,0,,,0,0,0,0,0,,0,0,0,0,0,,4_1676100#297#315.java,4_1834805#95#385.java,3422759,7005223,4
F,F,F,wrong,wrong,F,F,F,wrong,wrong,F,F,F,,,,F,,,,0,0,0,0,0,,0,0,0,0,0,,,0,0,0,0,0,,0,0,0,0,0,,4_836382#21#47.java,4_2142606#23#48.java,3498857,9977165,4
F,F,F,incomplete,minor,F,F,F,incomplete,minor,F,F,F,,,,F,,,,0,0,0,0,0,,0,0,0,0,0,,,0,0,0,0,0,,0,0,0,0,0,,4_595882#92#102.java,4_1809621#262#285.java,3753583,7600378,4
F,T,F,major,wrong,F,T,F,major,wrong,F,T,F,,,,F,,,,0,0,0,0,0,,0,0,0,0,0,,,0,0,0,0,0,,0,0,0,0,0,,4_2181149#45#63.java,4_1751811#245#278.java,3767903,21919199,4
F,T,F,major,wrong,F,T,F,major,wrong,F,T,F,,,,F,,,,0,0,0,0,0,,0,0,0,0,0,,,0,0,0,0,0,,0,0,0,0,0,,4_2181149#45#63.java,4_2337215#109#130.java,3767903,17477957,4
F,T,F,major,minor,F,T,F,major,minor,F,T,F,,,,F,,,,0,0,0,0,0,,0,0,0,0,0,,,0,0,0,0,0,,0,0,0,0,0,,4_694246#20#56.java,4_1840152#594#614.java,3874060,6379125,4
F,F,T,minor,major,F,F,T,wrong,major,F,F,T,,,,F,,,,0,0,0,0,0,,0,0,0,0,0,,,0,0,0,0,0,,0,0,0,0,0,,4_12209#40#79.java,4_717736#140#153.java,3904948,9597889,4
F,F,F,wrong,wrong,F,F,F,wrong,wrong,F,F,F,,,,F,,,,0,0,0,0,0,,0,0,0,0,0,,,0,0,0,0,0,,0,0,0,0,0,,4_1385566#41#53.java,4_1620218#319#330.java,3992343,4076629,4
F,F,F,wrong,wrong,F,F,F,wrong,wrong,F,F,F,,,,F,,,,0,0,0,0,0,,0,0,0,0,0,,,0,0,0,0,0,,0,0,0,0,0,,4_1620218#194#210.java,4_1976964#39#89.java,4076620,22801734,4
F,F,F,minor,test,F,F,F,wrong,wrong,F,F,F,,,,F,,,,0,0,0,0,0,,0,0,0,0,0,,,0,0,0,0,0,,0,0,0,0,0,,4_840994#76#103.java,4_1596280#101#110.java,4118412,17891160,4
F,F,F,wrong,wrong,F,F,F,wrong,wrong,F,F,F,,,,F,,,,0,0,0,0,0,,0,0,0,0,0,,,0,0,0,0,0,,0,0,0,0,0,,4_1786438#48#83.java,4_1933112#50#59.java,4147982,20109527,4
F,F,F,wrong,minor,F,F,F,wrong,wrong,F,F,F,,,,F,,,,0,0,0,0,0,,0,0,0,0,0,,,0,0,0,0,0,,0,0,0,0,0,,4_1786438#48#83.java,4_1700558#56#71.java,4147982,19870772,4
F,F,F,test,wrong,F,F,F,wrong,wrong,F,F,F,,,,F,,,,0,0,0,0,0,,0,0,0,0,0,,,0,0,0,0,0,,0,0,0,0,0,,4_2641354#62#80.java,4_841726#55#115.java,4349491,15551591,4
F,F,T,minor,major,F,F,T,wrong,major,F,F,T,,,,F,,,,0,0,0,0,0,,0,0,0,0,0,,,0,0,0,0,0,,0,0,0,0,0,,4_881137#177#224.java,4_1045821#38#75.java,4441118,12716055,4
F,F,T,wrong,major,F,F,T,wrong,major,F,F,T,,,,F,,,,0,0,0,0,0,,0,0,0,0,0,,,0,0,0,0,0,,0,0,0,0,0,,4_1194204#504#560.java,4_43936#302#328.java,4464301,22423727,4
F,F,T,wrong,major,F,F,T,wrong,major,F,F,T,,,,F,,,,0,0,0,0,0,,0,0,0,0,0,,,0,0,0,0,0,,0,0,0,0,0,,4_184530#38#50.java,4_2224914#346#365.java,4542694,7130579,4
F,F,F,wrong,wrong,F,F,F,wrong,wrong,F,F,F,,,,F,,,,0,0,0,0,0,,0,0,0,0,0,,,0,0,0,0,0,,0,0,0,0,0,,4_184530#38#50.java,4_625112#25#42.java,4542694,8637246,4
F,F,F,wrong,minor,F,F,F,wrong,wrong,F,F,F,,,,F,,,,0,0,0,0,0,,0,0,0,0,0,,,0,0,0,0,0,,0,0,0,0,0,,4_1537852#276#295.java,4_536217#164#173.java,4567361,23241192,4
F,T,F,major,wrong,F,T,F,major,wrong,F,T,F,,,,F,,,,0,0,0,0,0,,0,0,0,0,0,,,0,0,0,0,0,,0,0,0,0,0,,4_2353261#49#65.java,4_2229390#29#52.java,4579205,13514558,4
F,F,T,wrong,major,F,F,T,wrong,major,F,F,T,,,,F,,,,0,0,0,0,0,,0,0,0,0,0,,,0,0,0,0,0,,0,0,0,0,0,,4_2063136#54#103.java,4_2688879#37#49.java,4594844,6188784,4
F,F,F,wrong,wrong,F,F,F,wrong,wrong,F,F,F,,,,F,,,,0,0,0,0,0,,0,0,0,0,0,,,0,0,0,0,0,,0,0,0,0,0,,4_519642#100#112.java,4_942717#45#51.java,4599372,9769234,4
F,F,F,wrong,minor,F,F,F,wrong,wrong,F,F,F,,,,F,,,,0,0,0,0,0,,0,0,0,0,0,,,0,0,0,0,0,,0,0,0,0,0,,4_2601530#28#121.java,4_825239#1161#1196.java,4937926,22900247,4
F,F,F,test,wrong,F,F,F,test,wrong,F,F,F,,,,F,,,,0,0,0,0,0,,0,0,0,0,0,,,0,0,0,0,0,,0,0,0,0,0,,4_1650#190#201.java,4_2416063#142#158.java,5053350,14196272,4
F,F,F,wrong,wrong,F,F,F,wrong,wrong,F,F,F,,,,F,,,,0,0,0,0,0,,0,0,0,0,0,,,0,0,0,0,0,,0,0,0,0,0,,4_29425#84#146.java,4_1865885#85#89.java,5125847,17467778,4
F,F,T,minor,major,F,F,T,wrong,major,F,F,T,,,,F,,,,0,0,0,0,0,,0,0,0,0,0,,,0,0,0,0,0,,0,0,0,0,0,,4_415951#154#176.java,4_1161856#11#19.java,5557048,14132965,4
F,F,F,minor,incomplete,F,T,T,major,major,F,#,#,,,,F,F,main,FT,100,100,100,100,100,FT,100,100,100,100,100,,,0,0,0,0,0,,0,0,0,0,0,,4_1330483#93#103.java,4_1830236#18#40.java,5760649,18773070,4
F,F,F,test,minor,F,F,T,test,major,F,F,#,,,,F,,,,0,0,0,0,0,,0,0,0,0,0,,,0,0,0,0,0,,0,0,0,0,0,,4_937219#22#43.java,4_758449#47#59.java,5785861,17467385,4
F,F,F,wrong,minor,F,F,F,wrong,wrong,F,F,F,,,,F,,,,0,0,0,0,0,,0,0,0,0,0,,,0,0,0,0,0,,0,0,0,0,0,,4_1676960#30#41.java,4_1271045#146#369.java,5807569,17573144,4
F,F,F,wrong,wrong,F,F,F,wrong,wrong,F,F,F,,,,F,,,,0,0,0,0,0,,0,0,0,0,0,,,0,0,0,0,0,,0,0,0,0,0,,4_1729199#79#95.java,4_1149247#14#34.java,5875193,8567304,4
F,T,F,major,wrong,F,T,F,major,wrong,F,T,F,,,,F,,,,0,0,0,0,0,,0,0,0,0,0,,,0,0,0,0,0,,0,0,0,0,0,,4_1650257#180#197.java,4_1810839#360#377.java,6185786,14729262,4
F,T,F,major,wrong,F,T,F,major,minor,F,T,F,,,,F,,,,0,0,0,0,0,,0,0,0,0,0,,,0,0,0,0,0,,0,0,0,0,0,,4_1094311#100#113.java,4_1272364#29#39.java,6191498,17826787,4
F,F,T,wrong,major,F,F,T,wrong,major,F,F,T,,,,F,,,,0,0,0,0,0,,0,0,0,0,0,,,0,0,0,0,0,,0,0,0,0,0,,4_183804#752#778.java,4_1583048#153#165.java,6244936,23071780,4
F,F,T,minor,major,F,F,T,wrong,major,F,F,T,,,,F,,,,0,0,0,0,0,,0,0,0,0,0,,,0,0,0,0,0,,0,0,0,0,0,,4_1840152#594#614.java,4_981046#706#750.java,6379125,17014629,4
F,T,F,major,wrong,F,T,F,major,wrong,F,T,F,,,,F,,,,0,0,0,0,0,,0,0,0,0,0,,,0,0,0,0,0,,0,0,0,0,0,,4_1247433#142#148.java,4_2692691#167#175.java,6399107,19172383,4
F,F,T,wrong,major,F,F,T,wrong,major,F,F,T,,,,F,,,,0,0,0,0,0,,0,0,0,0,0,,,0,0,0,0,0,,0,0,0,0,0,,4_1608219#146#160.java,4_2425138#35#45.java,6424937,12980227,4
F,F,F,wrong,wrong,F,F,F,wrong,wrong,F,F,F,,,,F,,,,0,0,0,0,0,,0,0,0,0,0,,,0,0,0,0,0,,0,0,0,0,0,,4_398175#39#99.java,4_295232#35#46.java,6430125,20644476,4
F,F,T,wrong,major,F,F,T,wrong,major,F,F,T,,,,F,,,,0,0,0,0,0,,0,0,0,0,0,,,0,0,0,0,0,,0,0,0,0,0,,4_794620#137#171.java,4_1113498#86#104.java,6464850,22271237,4
F,F,F,wrong,wrong,F,F,F,wrong,wrong,F,F,F,,,,F,,,,0,0,0,0,0,,0,0,0,0,0,,,0,0,0,0,0,,0,0,0,0,0,,4_712665#265#269.java,4_748852#351#489.java,6597127,12524253,4
F,F,F,wrong,wrong,F,F,F,wrong,wrong,F,F,F,,,,F,,,,0,0,0,0,0,,0,0,0,0,0,,,0,0,0,0,0,,0,0,0,0,0,,4_918375#256#260.java,4_2348309#790#816.java,6704750,9088423,4
F,T,F,major,test,F,T,F,major,wrong,F,T,F,,,,F,,,,0,0,0,0,0,,0,0,0,0,0,,,0,0,0,0,0,,0,0,0,0,0,,4_591600#1184#1192.java,4_1982357#26#33.java,6778337,12626918,4
F,F,T,wrong,major,F,F,T,wrong,major,F,F,T,,,,F,,,,0,0,0,0,0,,0,0,0,0,0,,,0,0,0,0,0,,0,0,0,0,0,,4_209298#804#830.java,4_2631723#112#123.java,6814854,20806023,4
F,F,F,minor,minor,F,F,F,wrong,minor,F,F,F,,,,F,,,,0,0,0,0,0,,0,0,0,0,0,,,0,0,0,0,0,,0,0,0,0,0,,4_901651#30#66.java,4_1412964#405#458.java,7038631,21715891,4
F,F,F,wrong,wrong,F,F,F,wrong,wrong,F,F,F,,,,F,,,,0,0,0,0,0,,0,0,0,0,0,,,0,0,0,0,0,,0,0,0,0,0,,4_85151#8#81.java,4_648366#13#39.java,7209802,18568751,4
F,T,F,major,wrong,F,T,F,major,wrong,F,T,F,,,,F,,,,0,0,0,0,0,,0,0,0,0,0,,,0,0,0,0,0,,0,0,0,0,0,,4_197938#245#256.java,4_143487#356#440.java,7237618,7901579,4
F,T,F,major,wrong,F,T,F,major,wrong,F,T,F,,,,F,,,,0,0,0,0,0,,0,0,0,0,0,,,0,0,0,0,0,,0,0,0,0,0,,4_197938#245#256.java,4_649022#14#43.java,7237618,16579945,4
F,T,F,major,wrong,F,T,F,major,wrong,F,T,F,,,,F,,,,0,0,0,0,0,,0,0,0,0,0,,,0,0,0,0,0,,0,0,0,0,0,,4_2715518#122#137.java,4_1783385#25#65.java,7380658,18773782,4
F,F,F,wrong,wrong,F,F,F,wrong,wrong,F,F,F,,,,F,,,,0,0,0,0,0,,0,0,0,0,0,,,0,0,0,0,0,,0,0,0,0,0,,4_2222114#56#99.java,4_1112572#52#57.java,7398604,12923083,4
F,F,F,wrong,wrong,F,F,F,wrong,wrong,F,F,F,,,,F,,,,0,0,0,0,0,,0,0,0,0,0,,,0,0,0,0,0,,0,0,0,0,0,,4_1494993#873#899.java,4_1851161#24#49.java,7460370,17231006,4
F,F,F,minor,wrong,F,F,F,wrong,wrong,F,F,F,,,,F,,,,0,0,0,0,0,,0,0,0,0,0,,,0,0,0,0,0,,0,0,0,0,0,,4_57924#141#175.java,4_2024008#15#39.java,7499186,21649269,4
F,F,F,minor,wrong,F,T,F,major,wrong,F,#,F,,,,F,,,,0,0,0,0,0,,0,0,0,0,0,,,0,0,0,0,0,,0,0,0,0,0,,4_318080#74#105.java,4_207391#48#59.java,7524607,9324781,4
F,F,T,minor,major,F,F,T,wrong,major,F,F,T,,,,F,,,,0,0,0,0,0,,0,0,0,0,0,,,0,0,0,0,0,,0,0,0,0,0,,4_2546168#149#275.java,4_215042#58#70.java,7727956,23613195,4
F,F,F,minor,wrong,F,F,F,wrong,wrong,F,F,F,,,,F,,,,0,0,0,0,0,,0,0,0,0,0,,,0,0,0,0,0,,0,0,0,0,0,,4_1809056#264#322.java,4_1461739#19#41.java,7872660,19360483,4
F,F,F,wrong,wrong,F,F,F,wrong,wrong,F,F,F,,,,F,,,,0,0,0,0,0,,0,0,0,0,0,,,0,0,0,0,0,,0,0,0,0,0,,4_570858#94#106.java,4_124375#26#79.java,7993946,11664487,4
F,F,T,wrong,major,F,F,T,wrong,major,F,F,T,,,,F,,,,0,0,0,0,0,,0,0,0,0,0,,,0,0,0,0,0,,0,0,0,0,0,,4_570858#94#106.java,4_1782695#11#74.java,7993946,8430178,4
F,F,T,wrong,major,F,F,F,wrong,incomplete,F,F,#,,,,F,,,,0,0,0,0,0,,0,0,0,0,0,,,0,0,0,0,0,,0,0,0,0,0,,4_1000055#168#186.java,4_396851#203#227.java,8121415,8296360,4
F,F,F,wrong,wrong,F,F,F,wrong,wrong,F,F,F,,,,F,,,,0,0,0,0,0,,0,0,0,0,0,,,0,0,0,0,0,,0,0,0,0,0,,4_687723#110#134.java,4_684569#114#134.java,8361376,11779246,4
F,F,F,wrong,wrong,F,F,F,wrong,incomplete,F,F,F,,,,F,,,,0,0,0,0,0,,0,0,0,0,0,,,0,0,0,0,0,,0,0,0,0,0,,4_707943#837#863.java,4_1772581#98#114.java,8612647,21907699,4
F,F,F,wrong,wrong,F,F,F,wrong,wrong,F,F,F,,,,F,,,,0,0,0,0,0,,0,0,0,0,0,,,0,0,0,0,0,,0,0,0,0,0,,4_1827257#1369#1374.java,4_753625#754#780.java,8709510,14317425,4
F,F,F,wrong,wrong,F,F,F,wrong,wrong,F,F,F,,,,F,,,,0,0,0,0,0,,0,0,0,0,0,,,0,0,0,0,0,,0,0,0,0,0,,4_1827257#1369#1374.java,4_2224878#60#125.java,8709510,15767021,4
F,F,F,wrong,wrong,F,F,F,wrong,wrong,F,F,F,,,,F,,,,0,0,0,0,0,,0,0,0,0,0,,,0,0,0,0,0,,0,0,0,0,0,,4_1607771#838#864.java,4_184404#78#80.java,8793825,19962044,4
F,F,F,wrong,wrong,F,F,F,wrong,wrong,F,F,F,,,,F,,,,0,0,0,0,0,,0,0,0,0,0,,,0,0,0,0,0,,0,0,0,0,0,,4_1607771#838#864.java,4_2065465#74#133.java,8793825,21057438,4
F,F,T,wrong,major,F,F,T,wrong,major,F,F,T,,,,F,,,,0,0,0,0,0,,0,0,0,0,0,,,0,0,0,0,0,,0,0,0,0,0,,4_1609240#359#415.java,4_238585#13#21.java,8856524,10089329,4
F,F,T,wrong,major,F,F,T,wrong,major,F,F,T,,,,F,,,,0,0,0,0,0,,0,0,0,0,0,,,0,0,0,0,0,,0,0,0,0,0,,4_853692#50#106.java,4_2027381#127#138.java,8932510,17551461,4
F,F,T,wrong,major,F,F,T,wrong,major,F,F,T,,,,F,,,,0,0,0,0,0,,0,0,0,0,0,,,0,0,0,0,0,,0,0,0,0,0,,4_1495157#360#377.java,4_1316166#74#88.java,9186582,18371114,4
F,F,T,wrong,major,F,F,T,wrong,major,F,F,T,,,,F,,,,0,0,0,0,0,,0,0,0,0,0,,,0,0,0,0,0,,0,0,0,0,0,,4_1553544#403#417.java,4_1194610#180#187.java,9236362,18865693,4
F,F,T,wrong,major,F,F,T,wrong,major,F,F,T,,,,F,,,,0,0,0,0,0,,0,0,0,0,0,,,0,0,0,0,0,,0,0,0,0,0,,4_58295#257#290.java,4_1944189#30#65.java,9312243,13915960,4
F,F,F,wrong,wrong,F,F,F,wrong,wrong,F,F,F,,,,F,,,,0,0,0,0,0,,0,0,0,0,0,,,0,0,0,0,0,,0,0,0,0,0,,4_1276123#58#99.java,4_1145166#275#349.java,9371509,18318816,4
F,F,F,test,wrong,F,F,F,test,wrong,F,F,F,,,,F,,,,0,0,0,0,0,,0,0,0,0,0,,,0,0,0,0,0,,0,0,0,0,0,,4_1835825#10#27.java,4_2222757#114#139.java,9477468,13433127,4
F,F,F,wrong,test,F,F,F,wrong,test,F,F,F,,,,F,,,,0,0,0,0,0,,0,0,0,0,0,,,0,0,0,0,0,,0,0,0,0,0,,4_1041358#49#56.java,4_847997#69#97.java,9552428,11677415,4
F,F,F,wrong,minor,F,F,F,wrong,minor,F,F,F,,,,F,,,,0,0,0,0,0,,0,0,0,0,0,,,0,0,0,0,0,,0,0,0,0,0,,4_964253#838#864.java,4_1165806#113#131.java,9693856,22832422,4
F,T,F,major,wrong,F,T,F,major,wrong,F,T,F,,,,F,,,,0,0,0,0,0,,0,0,0,0,0,,,0,0,0,0,0,,0,0,0,0,0,,4_1538221#261#272.java,4_1175614#260#327.java,9756057,12048549,4
T,T,T,major,major,T,T,T,major,major,T,T,T,,,,T,,,,100,100,100,100,100,TF,0,0,0,0,0,I,TF,0,0,0,0,0,TF,0,0,0,0,0,,4_277906#114#127.java,4_981509#222#233.java,9756366,11199367,4
F,F,T,wrong,major,F,F,T,wrong,major,F,F,T,,,,F,,,,0,0,0,0,0,,0,0,0,0,0,,,0,0,0,0,0,,0,0,0,0,0,,4_207381#14#21.java,4_2333916#14#27.java,9880330,20741536,4
F,F,F,wrong,wrong,F,F,F,wrong,wrong,F,F,F,,,,F,,,,0,0,0,0,0,,0,0,0,0,0,,,0,0,0,0,0,,0,0,0,0,0,,4_2111982#925#1003.java,4_109880#499#540.java,10062076,10912333,4
F,T,F,major,wrong,F,T,F,major,wrong,F,T,F,,,,F,,,,0,0,0,0,0,,0,0,0,0,0,,,0,0,0,0,0,,0,0,0,0,0,,4_1385816#49#55.java,4_468200#42#76.java,10131427,14618136,4
F,F,F,wrong,wrong,F,F,F,wrong,wrong,F,F,F,,,,F,,,,0,0,0,0,0,,0,0,0,0,0,,,0,0,0,0,0,,0,0,0,0,0,,4_992576#39#63.java,4_1802351#838#864.java,10195648,16388707,4
F,F,T,wrong,major,F,F,T,wrong,major,F,F,T,,,,F,,,,0,0,0,0,0,,0,0,0,0,0,,,0,0,0,0,0,,0,0,0,0,0,,4_499702#347#477.java,4_1360935#504#513.java,10207809,20372195,4
F,F,F,wrong,wrong,F,F,F,wrong,wrong,F,F,F,,,,F,,,,0,0,0,0,0,,0,0,0,0,0,,,0,0,0,0,0,,0,0,0,0,0,,4_1869311#691#716.java,4_648366#13#39.java,10443091,18568751,4
T,T,T,major,major,T,T,T,major,major,T,T,T,,,,T,,,,100,100,100,100,100,,100,100,100,100,100,,,100,100,100,100,100,,100,100,100,100,100,,4_168944#152#172.java,4_311323#467#483.java,10467996,18880060,4
F,F,T,wrong,major,F,F,T,wrong,major,F,F,T,,,,F,,,,0,0,0,0,0,,0,0,0,0,0,,,0,0,0,0,0,,0,0,0,0,0,,4_2327363#451#460.java,4_1480760#105#116.java,10545755,22137915,4
T,T,T,major,major,T,T,T,major,major,T,T,T,,,,T,,,,100,100,100,100,100,,100,100,100,100,100,,,100,100,100,100,100,,100,100,100,100,100,,4_406522#127#133.java,4_2403960#34#49.java,10656323,12971450,4
T,T,T,major,major,T,T,T,major,major,T,T,T,,,,T,,,,100,100,100,100,100,,100,100,100,100,100,,,100,100,100,100,100,,100,100,100,100,100,,4_2714762#211#241.java,4_2457991#18#34.java,11036037,22456976,4
F,F,F,wrong,wrong,F,F,F,wrong,wrong,F,F,F,,,,F,,,,0,0,0,0,0,,0,0,0,0,0,,,0,0,0,0,0,,0,0,0,0,0,,4_1623394#32#47.java,4_2246717#79#175.java,11090448,22625096,4
F,F,F,wrong,wrong,F,F,F,wrong,wrong,F,F,F,,,,F,,,,0,0,0,0,0,,0,0,0,0,0,,,0,0,0,0,0,,0,0,0,0,0,,4_2430560#838#864.java,4_1921479#47#65.java,11319479,21028032,4
T,T,T,major,major,T,T,T,major,major,T,T,T,,,,T,,,,100,100,100,100,100,,100,100,100,100,100,,,100,100,100,100,100,,100,100,100,100,100,,4_927573#96#119.java,4_346204#78#92.java,11358169,16797428,4
F,F,T,wrong,major,F,F,T,wrong,major,F,F,T,,,,F,,,,0,0,0,0,0,,0,0,0,0,0,,,0,0,0,0,0,,0,0,0,0,0,,4_2640664#753#779.java,4_422665#8#22.java,11548510,23294396,4
F,F,F,wrong,wrong,F,F,F,wrong,wrong,F,F,F,,,,F,,,,0,0,0,0,0,,0,0,0,0,0,,,0,0,0,0,0,,0,0,0,0,0,,4_1398567#98#115.java,4_1721030#22#49.java,11560551,21900384,4
F,T,F,major,test,F,T,F,major,wrong,F,T,F,,,,F,,,,0,0,0,0,0,,0,0,0,0,0,,,0,0,0,0,0,,0,0,0,0,0,,4_2685107#122#164.java,4_1074458#108#143.java,12306296,20681845,4
F,F,F,wrong,wrong,F,F,F,wrong,wrong,F,F,F,,,,F,,,,0,0,0,0,0,,0,0,0,0,0,,,0,0,0,0,0,,0,0,0,0,0,,4_2597181#73#117.java,4_1721030#22#49.java,12512647,21900384,4
F,F,T,wrong,major,F,F,T,minor,major,F,F,T,,,,F,,,,0,0,0,0,0,,0,0,0,0,0,,,0,0,0,0,0,,0,0,0,0,0,,4_748852#419#442.java,4_403380#69#94.java,12524256,18515326,4
F,F,T,wrong,major,F,F,T,minor,major,F,F,T,,,,F,,,,0,0,0,0,0,,0,0,0,0,0,,,0,0,0,0,0,,0,0,0,0,0,,4_1868897#296#316.java,4_1956813#24#34.java,12542684,20805582,4
F,F,F,wrong,incomplete,F,F,F,wrong,incomplete,F,F,F,,,,F,,,,0,0,0,0,0,,0,0,0,0,0,,,0,0,0,0,0,,0,0,0,0,0,,4_683921#51#104.java,4_1375735#28#37.java,12544564,21150253,4
F,F,F,wrong,wrong,F,F,F,wrong,wrong,F,F,F,,,,F,,,,0,0,0,0,0,,0,0,0,0,0,,,0,0,0,0,0,,0,0,0,0,0,,4_2315565#267#294.java,4_329635#190#218.java,12682066,14864066,4
F,F,F,wrong,wrong,F,F,F,incomplete,incomplete,F,F,F,,,,F,,,,0,0,0,0,0,,0,0,0,0,0,,,0,0,0,0,0,,0,0,0,0,0,,4_2291127#31#67.java,4_1932007#194#216.java,12757148,18761618,4
T,T,T,major,major,T,T,T,major,major,T,T,T,,,,T,,,,100,100,100,100,100,,100,100,100,100,100,,,100,100,100,100,100,,100,100,100,100,100,,4_1359688#162#180.java,4_2152928#783#799.java,13111022,19710610,4
F,F,F,minor,wrong,F,F,F,wrong,wrong,F,F,F,,,,F,,,,0,0,0,0,0,,0,0,0,0,0,,,0,0,0,0,0,,0,0,0,0,0,,4_2110005#99#135.java,4_2365821#838#864.java,13299924,18731109,4
F,F,F,wrong,wrong,F,F,F,wrong,wrong,F,F,F,,,,F,,,,0,0,0,0,0,,0,0,0,0,0,,,0,0,0,0,0,,0,0,0,0,0,,4_2177470#47#61.java,4_311323#493#526.java,13312539,18880061,4
F,T,F,major,test,F,T,F,major,test,F,T,F,,,,F,,,,0,0,0,0,0,,0,0,0,0,0,,,0,0,0,0,0,,0,0,0,0,0,,4_2224926#494#505.java,4_248474#85#91.java,13351233,19180786,4
F,F,T,wrong,major,F,F,T,wrong,major,F,F,T,,,,F,,,,0,0,0,0,0,,0,0,0,0,0,,,0,0,0,0,0,,0,0,0,0,0,,4_718755#184#229.java,4_224239#22#43.java,13516684,20691789,4
F,T,F,major,wrong,F,T,F,major,wrong,F,T,F,,,,F,,,,0,0,0,0,0,,0,0,0,0,0,,,0,0,0,0,0,,0,0,0,0,0,,4_464689#10#17.java,4_1283614#41#60.java,13660039,21803552,4
F,T,F,major,wrong,F,T,F,major,wrong,F,T,F,,,,F,,,,0,0,0,0,0,,0,0,0,0,0,,,0,0,0,0,0,,0,0,0,0,0,,4_526090#413#422.java,4_1612057#26#56.java,14263421,18101018,4
F,F,F,wrong,wrong,F,F,F,wrong,wrong,F,F,F,,,,F,,,,0,0,0,0,0,,0,0,0,0,0,,,0,0,0,0,0,,0,0,0,0,0,,4_753625#790#816.java,4_961557#42#62.java,14317426,21113767,4
F,F,T,wrong,major,F,F,T,wrong,major,F,F,T,,,,F,,,,0,0,0,0,0,,0,0,0,0,0,,,0,0,0,0,0,,0,0,0,0,0,,4_1271690#17#36.java,4_1669355#59#66.java,14340901,14341904,4
F,T,T,major,major,F,T,T,major,major,F,T,T,,,,F,,,,0,0,0,0,0,,0,0,0,0,0,,,0,0,0,0,0,,0,0,0,0,0,,4_1669355#59#66.java,4_1644577#601#632.java,14341904,17374912,4
F,F,F,wrong,wrong,F,F,F,wrong,wrong,F,F,F,,,,F,,,,0,0,0,0,0,,0,0,0,0,0,,,0,0,0,0,0,,0,0,0,0,0,,4_2504368#34#54.java,4_97354#188#210.java,14588787,19722337,4
F,T,F,major,wrong,F,T,F,major,incomplete,F,T,F,,,,F,,,,0,0,0,0,0,,0,0,0,0,0,,,0,0,0,0,0,,0,0,0,0,0,,4_1627071#116#122.java,4_2318314#16#32.java,14702119,17907353,4
F,F,F,wrong,wrong,F,F,F,wrong,minor,F,F,F,,,,F,,,,0,0,0,0,0,,0,0,0,0,0,,,0,0,0,0,0,,0,0,0,0,0,,4_337686#57#166.java,4_31579#176#200.java,14868224,20654481,4
F,T,F,major,wrong,F,T,F,major,wrong,F,T,F,,,,F,,,,0,0,0,0,0,,0,0,0,0,0,,,0,0,0,0,0,,0,0,0,0,0,,4_1742081#1699#1705.java,4_799641#151#169.java,14988339,17987049,4
F,F,F,minor,wrong,F,F,F,wrong,wrong,F,F,F,,,,F,,,,0,0,0,0,0,,0,0,0,0,0,,,0,0,0,0,0,,0,0,0,0,0,,4_306823#163#212.java,4_2304794#53#64.java,15236847,19935081,4
F,T,F,major,wrong,F,T,F,major,wrong,F,T,F,,,,F,,,,0,0,0,0,0,,0,0,0,0,0,,,0,0,0,0,0,,0,0,0,0,0,,4_1712626#98#123.java,4_1207731#71#193.java,15429599,23611030,4
F,F,F,wrong,wrong,F,F,F,wrong,wrong,F,F,F,,,,F,,,,0,0,0,0,0,,0,0,0,0,0,,,0,0,0,0,0,,0,0,0,0,0,,4_725825#217#255.java,4_397082#72#85.java,15599609,20006636,4
F,F,F,wrong,wrong,F,F,F,wrong,wrong,F,F,F,,,,F,,,,0,0,0,0,0,,0,0,0,0,0,,,0,0,0,0,0,,0,0,0,0,0,,4_725825#267#291.java,4_169864#15#63.java,15599611,23353199,4
F,F,F,minor,minor,F,F,F,wrong,wrong,F,F,F,,,,F,,,,0,0,0,0,0,,0,0,0,0,0,,,0,0,0,0,0,,0,0,0,0,0,,4_1481659#57#80.java,4_29066#505#542.java,15637504,21162921,4
F,F,F,wrong,incomplete,F,F,F,wrong,incomplete,F,F,F,,,,F,,,,0,0,0,0,0,,0,0,0,0,0,,,0,0,0,0,0,,0,0,0,0,0,,4_1677622#105#124.java,4_1979886#73#80.java,15999201,18098898,4
F,F,F,wrong,wrong,F,F,F,wrong,wrong,F,F,F,,,,F,,,,0,0,0,0,0,,0,0,0,0,0,,,0,0,0,0,0,,0,0,0,0,0,,4_553596#806#866.java,4_1397132#28#51.java,16083957,18779982,4
F,F,T,wrong,major,F,F,T,incomplete,major,F,F,T,,,,F,,,,0,0,0,0,0,,0,0,0,0,0,,,0,0,0,0,0,,0,0,0,0,0,,4_79331#56#67.java,4_226776#20#62.java,16199085,17534703,4
F,F,T,minor,major,F,F,T,wrong,major,F,F,T,,,,F,,,,0,0,0,0,0,,0,0,0,0,0,,,0,0,0,0,0,,0,0,0,0,0,,4_1724220#875#899.java,4_256068#335#356.java,16797552,20019830,4
F,T,F,major,incomplete,F,T,F,major,wrong,F,T,F,,,,F,,,,0,0,0,0,0,,0,0,0,0,0,,,0,0,0,0,0,,0,0,0,0,0,,4_2285649#121#155.java,4_661129#19#21.java,16845107,22017631,4
T,T,T,major,major,T,T,T,major,major,T,T,T,,,,T,,,,100,100,100,100,100,,100,100,100,100,100,,,100,100,100,100,100,,100,100,100,100,100,,4_1988725#204#213.java,4_638634#140#155.java,16944401,23630686,4
T,T,T,major,major,T,T,T,major,major,T,T,T,,,,T,,,,100,100,100,100,100,,100,100,100,100,100,,TF,0,0,0,0,0,TF,0,0,0,0,0,,4_863299#162#199.java,4_221494#39#50.java,16993715,20870396,4
F,F,F,test,minor,F,T,T,major,major,F,#,#,,,,F,,,,0,0,0,0,0,,0,0,0,0,0,,,0,0,0,0,0,,0,0,0,0,0,,4_1377081#65#86.java,4_2565735#120#138.java,17415423,21889400,4
F,T,T,major,major,T,T,T,major,major,#,T,T,F,,,F,F,,FT,100,100,100,100,100,FT,100,100,100,100,100,,FT,100,100,100,100,100,!!,100,0,100,100,0,,4_653187#45#56.java,4_1703419#213#235.java,17927694,22019481,4
F,T,F,major,wrong,F,T,F,major,wrong,F,T,F,,,,F,,,,0,0,0,0,0,,0,0,0,0,0,,,0,0,0,0,0,,0,0,0,0,0,,4_2082675#19#29.java,4_114383#105#150.java,18034383,20303339,4
F,F,F,test,wrong,F,F,F,test,wrong,F,F,F,,,,F,,,,0,0,0,0,0,,0,0,0,0,0,,,0,0,0,0,0,,0,0,0,0,0,,4_2138232#45#66.java,4_743207#59#119.java,18070587,21280043,4
F,F,T,wrong,major,F,F,T,wrong,major,F,F,T,,,,F,,,,0,0,0,0,0,,0,0,0,0,0,,,0,0,0,0,0,,0,0,0,0,0,,4_2407741#109#170.java,4_1093996#86#100.java,18099086,23413733,4
F,F,F,wrong,wrong,F,F,F,wrong,wrong,F,F,F,,,,F,,,,0,0,0,0,0,,0,0,0,0,0,,,0,0,0,0,0,,0,0,0,0,0,,4_1145166#275#349.java,4_1758932#51#99.java,18318816,18340402,4
F,T,F,major,wrong,F,T,F,major,wrong,F,T,F,,,,F,,,,0,0,0,0,0,,0,0,0,0,0,,,0,0,0,0,0,,0,0,0,0,0,,4_2546259#140#158.java,4_1248759#41#61.java,18578541,21321506,4
F,F,F,wrong,wrong,F,F,F,wrong,wrong,F,F,F,,,,F,,,,0,0,0,0,0,,0,0,0,0,0,,,0,0,0,0,0,,0,0,0,0,0,,4_2032520#56#97.java,4_468766#131#170.java,18793482,19746605,4
F,F,F,wrong,minor,F,F,T,minor,major,F,F,#,,,,F,,,,0,0,0,0,0,,0,0,0,0,0,,,0,0,0,0,0,,0,0,0,0,0,,4_464658#72#78.java,4_1320790#31#40.java,18845763,19240485,4
F,T,F,major,wrong,F,T,F,major,wrong,F,T,F,,,,F,,,,0,0,0,0,0,,0,0,0,0,0,,,0,0,0,0,0,,0,0,0,0,0,,4_311323#467#483.java,4_1058297#39#64.java,18880060,21234511,4
F,T,F,major,wrong,F,T,F,major,wrong,F,T,F,,,,F,,,,0,0,0,0,0,,0,0,0,0,0,,,0,0,0,0,0,,0,0,0,0,0,,4_2001980#22#30.java,4_2034952#198#206.java,18991846,22619332,4
F,F,F,wrong,minor,F,F,F,minor,minor,F,F,F,,,,F,,,,0,0,0,0,0,,0,0,0,0,0,,,0,0,0,0,0,,0,0,0,0,0,,4_595933#279#296.java,4_1412964#405#458.java,20089258,21715891,4
F,T,F,major,wrong,F,T,F,major,wrong,F,T,F,,,,F,,,,0,0,0,0,0,,0,0,0,0,0,,,0,0,0,0,0,,0,0,0,0,0,,4_760963#29#40.java,4_9377#74#82.java,20310134,23192841,4
F,F,F,wrong,wrong,F,F,F,wrong,wrong,F,F,F,,,,F,,,,0,0,0,0,0,,0,0,0,0,0,,,0,0,0,0,0,,0,0,0,0,0,,4_295232#35#46.java,4_1064317#58#91.java,20644476,23647453,4
T,T,T,major,major,T,T,T,major,major,T,T,T,,,,T,,,,100,100,100,100,100,,100,100,100,100,100,,,100,100,100,100,100,,100,100,100,100,100,,5_540286#18#47.java,5_1729199#104#147.java,5142039,5875194,5
F,F,F,minor,minor,F,F,F,minor,minor,F,F,F,,,,F,,,,0,0,0,0,0,FT,100,100,100,100,100,W,FT,100,100,100,100,100,!!,100,100,100,0,100,,6_84080#133#188.java,6_1577658#201#265.java,9398847,16929855,6
F,T,F,major,wrong,F,F,F,minor,minor,F,#,F,,,,F,,,,0,0,0,0,0,,0,0,0,0,0,,,0,0,0,0,0,,0,0,0,0,0,,7_280291#402#421.java,7_246108#5#41.java,3338750,22307690,7
F,F,F,minor,minor,F,F,F,minor,incomplete,F,F,F,,,,F,,,,0,0,0,0,0,,0,0,0,0,0,,,0,0,0,0,0,,0,0,0,0,0,,8_762123#122#160.java,8_1725133#38#64.java,1526593,21201276,8
F,T,F,major,minor,F,T,T,major,major,F,T,#,,,,F,,,,0,0,0,0,0,,0,0,0,0,0,,,0,0,0,0,0,,0,0,0,0,0,,9_2256105#394#426.java,9_14350#245#290.java,18239637,19396976,9
F,F,F,minor,minor,F,T,F,major,minor,F,#,F,,,,F,,,,0,0,0,0,0,,0,0,0,0,0,,,0,0,0,0,0,,0,0,0,0,0,,10_2390876#275#340.java,10_690184#24#57.java,1111832,19438539,10
F,F,F,minor,minor,T,T,T,major,major,#,#,#,F,F,F,F,,,,0,0,0,0,0,,0,0,0,0,0,,,0,0,0,0,0,,0,0,0,0,0,,10_1781609#49#83.java,10_2288111#297#349.java,1730524,16761836,10
F,F,F,minor,minor,F,F,T,minor,major,F,F,#,,,,F,,,,0,0,0,0,0,,0,0,0,0,0,,,0,0,0,0,0,,0,0,0,0,0,,10_1834968#829#1154.java,10_999902#92#115.java,3375723,16085714,10
F,T,F,major,minor,F,F,T,minor,major,F,#,#,,,,F,,,,0,0,0,0,0,,0,0,0,0,0,,,0,0,0,0,0,,0,0,0,0,0,,10_2130004#43#73.java,10_515961#33#55.java,3512882,23402237,10
F,T,F,major,minor,F,T,T,major,major,F,T,#,,,,F,,,,0,0,0,0,0,,0,0,0,0,0,,,0,0,0,0,0,,0,0,0,0,0,,10_2089659#86#111.java,10_1038530#167#195.java,3767763,22366639,10
F,F,F,minor,minor,F,F,T,minor,major,F,F,#,,,,F,,,,0,0,0,0,0,,0,0,0,0,0,,,0,0,0,0,0,,0,0,0,0,0,,10_40003#36#140.java,10_1691250#125#142.java,4551057,4961130,10
F,F,F,minor,minor,F,F,T,minor,major,F,F,#,,,,F,,,,0,0,0,0,0,,0,0,0,0,0,,,0,0,0,0,0,,0,0,0,0,0,,10_2537046#207#273.java,10_1949676#327#369.java,5471672,14708602,10
F,T,F,major,minor,F,T,T,major,major,F,T,#,,,,F,,,,0,0,0,0,0,,0,0,0,0,0,,,0,0,0,0,0,,0,0,0,0,0,,10_1577665#224#253.java,10_2476251#71#102.java,7296597,20148775,10
F,F,F,minor,minor,F,F,F,minor,minor,F,F,F,,,,F,,,,0,0,0,0,0,,0,0,0,0,0,,,0,0,0,0,0,,0,0,0,0,0,,10_2394403#214#256.java,10_1877203#252#310.java,7606314,19608876,10
F,F,F,minor,minor,T,T,T,major,major,#,#,#,F,F,F,F,,,,0,0,0,0,0,,0,0,0,0,0,,,0,0,0,0,0,,0,0,0,0,0,,10_591029#384#421.java,10_2475884#53#94.java,12741414,23149062,10
F,F,F,minor,minor,T,T,T,major,major,#,#,#,F,F,F,F,,,,0,0,0,0,0,,0,0,0,0,0,,,0,0,0,0,0,,0,0,0,0,0,,10_2247969#240#278.java,10_2227145#14#44.java,19392394,23548072,10
F,F,F,minor,minor,F,F,T,minor,major,F,F,#,,,,F,,,,0,0,0,0,0,,0,0,0,0,0,,,0,0,0,0,0,,0,0,0,0,0,,10_1984482#44#79.java,10_2736749#27#61.java,19946541,22967207,10
F,F,T,minor,major,T,T,T,major,major,#,#,T,F,?,,F,,,,0,0,0,0,0,,0,0,0,0,0,,FT,100,100,100,100,100,FT,100,100,100,100,100,,11_2191998#35#86.java,11_2241098#31#58.java,1829463,13618436,11
F,F,T,incomplete,major,F,F,T,minor,major,F,F,T,,,,F,,,,0,0,0,0,0,,0,0,0,0,0,,,0,0,0,0,0,,0,0,0,0,0,,12_573207#71#76.java,12_2269578#7#18.java,6712493,10968095,12
T,T,T,major,major,T,T,T,major,major,T,T,T,,,,T,,,,100,100,100,100,100,,100,100,100,100,100,,,100,100,100,100,100,,100,100,100,100,100,,13_212699#9#17.java,13_2702525#70#78.java,7670209,14009710,13
T,T,T,major,major,T,T,T,major,major,T,T,T,,,,T,F,,TF,0,0,0,0,0,TF,0,0,0,0,0,,TF,0,0,0,0,0,TF,0,0,0,0,0,,14_2051877#528#542.java,14_2538461#52#70.java,3056352,22953885,14
F,T,F,major,wrong,F,T,F,major,minor,F,T,F,,,,F,F,,!!,0,0,0,0,100,,0,0,0,0,0,,FT,100,100,100,100,100,FT,100,100,100,100,100,,14_220170#10#18.java,14_718060#353#370.java,6870106,11387518,14
F,F,T,wrong,major,F,F,F,minor,minor,F,F,#,,,,F,,,,0,0,0,0,0,,0,0,0,0,0,,,0,0,0,0,0,,0,0,0,0,0,,14_2264551#377#394.java,14_253419#185#212.java,8094724,23549961,14
T,T,T,major,major,T,T,T,major,major,T,T,T,,,,T,,,,100,100,100,100,100,,100,100,100,100,100,,,100,100,100,100,100,,100,100,100,100,100,,14_1907234#1054#1063.java,14_1461211#220#235.java,11919525,13704387,14
F,T,F,major,minor,F,T,T,major,major,F,T,#,,,,F,,,,0,0,0,0,0,,0,0,0,0,0,,,0,0,0,0,0,,0,0,0,0,0,,15_906350#355#373.java,15_1446312#22#36.java,4522786,11488783,15
F,T,F,major,minor,F,T,F,major,minor,F,T,F,,,,F,,,,0,0,0,0,0,,0,0,0,0,0,,,0,0,0,0,0,,0,0,0,0,0,,17_400025#131#144.java,17_2151064#22#45.java,2499058,21031182,17
F,F,T,minor,major,F,F,T,minor,major,F,F,T,,,,F,,,,0,0,0,0,0,,0,0,0,0,0,,,0,0,0,0,0,,0,0,0,0,0,,18_1087540#44#92.java,18_441422#32#47.java,22475898,23170866,18
F,F,T,minor,major,F,F,T,minor,major,F,F,T,,,,F,,,,0,0,0,0,0,,0,0,0,0,0,,,0,0,0,0,0,,0,0,0,0,0,,19_1282827#1391#1422.java,19_954795#116#123.java,2389792,10755510,19
T,T,T,major,major,F,T,T,major,major,#,T,T,T,,,T,,,,100,100,100,100,100,,100,100,100,100,100,,,100,100,100,100,100,,100,100,100,100,100,,20_76273#13#17.java,20_843174#20#28.java,939305,7352931,20
F,F,F,minor,minor,F,F,F,minor,minor,F,F,F,,,,F,,,,0,0,0,0,0,,0,0,0,0,0,,,0,0,0,0,0,,0,0,0,0,0,,21_1964860#57#71.java,21_833807#118#146.java,15325544,16629743,21
F,F,F,wrong,minor,F,T,F,major,minor,F,#,F,,F,,F,,,,0,0,0,0,0,,0,0,0,0,0,,,0,0,0,0,0,,0,0,0,0,0,,22_1141930#108#124.java,22_850375#22#56.java,15513368,23015593,22
F,T,F,major,wrong,F,T,F,major,wrong,F,T,F,,,,F,,,,0,0,0,0,0,,0,0,0,0,0,,,0,0,0,0,0,,0,0,0,0,0,,23_62556#83#90.java,23_709879#112#122.java,1760180,7232010,23
F,F,F,wrong,wrong,F,F,F,wrong,wrong,F,F,F,,,,F,,,,0,0,0,0,0,,0,0,0,0,0,,,0,0,0,0,0,,0,0,0,0,0,,23_2626182#45#57.java,23_1142331#267#444.java,4159359,9372270,23
F,F,F,wrong,wrong,F,F,F,wrong,wrong,F,F,F,,,,F,,,,0,0,0,0,0,,0,0,0,0,0,,,0,0,0,0,0,,0,0,0,0,0,,23_308291#88#100.java,23_1616206#236#247.java,5513210,12879688,23
F,F,F,wrong,wrong,F,F,F,wrong,wrong,F,F,F,,,,F,,,,0,0,0,0,0,,0,0,0,0,0,,,0,0,0,0,0,,0,0,0,0,0,,23_1196695#308#313.java,23_651095#112#118.java,5942458,11025049,23
F,F,F,minor,minor,F,F,F,minor,wrong,F,F,F,,,,F,,,,0,0,0,0,0,,0,0,0,0,0,,,0,0,0,0,0,,0,0,0,0,0,,24_1169109#149#186.java,24_207384#93#120.java,18170009,21303922,24
F,F,F,minor,minor,F,F,F,wrong,wrong,F,F,F,,,,F,,,,0,0,0,0,0,,0,0,0,0,0,,,0,0,0,0,0,,0,0,0,0,0,,24_1904462#112#120.java,24_2710081#56#103.java,21282797,22783646,24
F,T,F,major,minor,F,T,F,major,wrong,F,T,F,,,,F,,,,0,0,0,0,0,,0,0,0,0,0,,,0,0,0,0,0,,0,0,0,0,0,,24_802711#528#537.java,24_946866#139#292.java,21940605,22770351,24
F,F,F,minor,minor,F,F,F,wrong,wrong,F,F,F,,,,F,,,,0,0,0,0,0,,0,0,0,0,0,,,0,0,0,0,0,,0,0,0,0,0,,25_981218#73#154.java,25_1027612#655#718.java,9083948,14817547,25
T,T,T,major,major,T,T,T,major,major,T,T,T,,,,T,,,,100,100,100,100,100,,100,100,100,100,100,,,100,100,100,100,100,,100,100,100,100,100,,26_19532#65#74.java,26_814007#61#67.java,556871,3278067,26
F,F,F,minor,test,F,F,T,wrong,major,F,F,#,,,,F,,,,0,0,0,0,0,,0,0,0,0,0,,,0,0,0,0,0,,0,0,0,0,0,,27_107770#14#76.java,27_62959#6#18.java,116295,201687,27
F,F,T,minor,major,F,F,T,wrong,major,F,F,T,,,,F,,,,0,0,0,0,0,,0,0,0,0,0,,,0,0,0,0,0,,0,0,0,0,0,,27_63334#311#344.java,27_13156#413#418.java,131725,395712,27
F,F,F,minor,minor,F,F,F,wrong,minor,F,F,F,,,,F,,,,0,0,0,0,0,,0,0,0,0,0,,,0,0,0,0,0,,0,0,0,0,0,,27_28976#16#81.java,27_110306#11#28.java,256128,279123,27
F,F,F,minor,minor,F,F,F,wrong,minor,F,F,F,,,,F,,,,0,0,0,0,0,,0,0,0,0,0,,,0,0,0,0,0,,0,0,0,0,0,,27_90813#693#728.java,27_17735#14#76.java,416525,417534,27
F,T,F,major,minor,F,T,F,major,wrong,F,T,F,,,,F,,,,0,0,0,0,0,,0,0,0,0,0,,,0,0,0,0,0,,0,0,0,0,0,,28_113447#31#43.java,28_112321#490#501.java,228400,300493,28
F,F,T,minor,major,F,F,T,minor,major,F,F,T,,,,F,,,,0,0,0,0,0,,0,0,0,0,0,,,0,0,0,0,0,,0,0,0,0,0,,29_6792#8#39.java,29_1262363#637#646.java,123035,2679792,29
F,F,F,incomplete,minor,F,T,F,major,wrong,F,#,F,,,,F,,,,0,0,0,0,0,,0,0,0,0,0,,,0,0,0,0,0,,0,0,0,0,0,,30_119572#222#233.java,30_2294591#80#109.java,106523,6436738,30
F,F,F,minor,test,F,F,F,wrong,wrong,F,F,F,,,,F,,,,0,0,0,0,0,,0,0,0,0,0,,,0,0,0,0,0,,0,0,0,0,0,,30_107025#85#116.java,30_173508#19#53.java,311043,21125948,30
F,T,F,major,minor,F,T,F,major,wrong,F,T,F,,,,F,,,,0,0,0,0,0,,0,0,0,0,0,,,0,0,0,0,0,,0,0,0,0,0,,30_116037#23#31.java,30_815008#105#114.java,469519,10840000,30
F,F,F,minor,incomplete,F,F,T,wrong,major,F,F,#,,,,F,,,,0,0,0,0,0,,0,0,0,0,0,,,0,0,0,0,0,,0,0,0,0,0,,30_83727#283#473.java,30_843997#145#152.java,523520,16088469,30
F,F,F,minor,incomplete,F,F,T,wrong,major,F,F,#,,,,F,,,,0,0,0,0,0,,0,0,0,0,0,,,0,0,0,0,0,,0,0,0,0,0,,30_11981#315#466.java,30_1119346#101#111.java,581819,2486620,30
F,F,F,minor,minor,F,F,F,wrong,wrong,F,F,F,,,,F,,,,0,0,0,0,0,,0,0,0,0,0,,,0,0,0,0,0,,0,0,0,0,0,,30_110030#233#414.java,30_1403839#57#107.java,640916,21520698,30
F,F,F,minor,minor,F,T,F,major,wrong,F,#,F,,,,F,,,,0,0,0,0,0,,0,0,0,0,0,,,0,0,0,0,0,,0,0,0,0,0,,30_71534#17#53.java,30_546562#104#122.java,788380,15709108,30
F,F,F,incomplete,minor,F,T,F,major,wrong,F,#,F,,,,F,,,,0,0,0,0,0,,0,0,0,0,0,,,0,0,0,0,0,,0,0,0,0,0,,30_785129#238#241.java,30_2677430#113#179.java,1747657,11620460,30
F,F,F,minor,incomplete,F,F,T,wrong,major,F,F,#,,,,F,,,,0,0,0,0,0,,0,0,0,0,0,,,0,0,0,0,0,,0,0,0,0,0,,30_2613043#34#56.java,30_1488565#380#388.java,1850561,19925864,30
F,F,F,minor,incomplete,F,F,F,wrong,wrong,F,F,F,,,,F,,,,0,0,0,0,0,,0,0,0,0,0,,,0,0,0,0,0,,0,0,0,0,0,,30_2419989#178#193.java,30_72604#27#31.java,1925283,6944633,30
F,F,F,incomplete,incomplete,F,F,T,wrong,major,F,F,#,,,,F,,,,0,0,0,0,0,,0,0,0,0,0,,FT,100,100,100,100,100,,0,0,0,0,0,,30_1010912#73#87.java,30_157734#1771#1792.java,2199698,16529080,30
F,F,F,minor,incomplete,T,T,T,major,major,#,#,#,F,F,T,F,,,,0,0,0,0,0,,0,0,0,0,0,,,0,0,0,0,0,,0,0,0,0,0,,30_1235891#148#165.java,30_1644293#467#488.java,2539369,13877920,30
F,F,F,minor,incomplete,T,T,T,major,major,#,#,#,F,F,F,F,,,,0,0,0,0,0,,0,0,0,0,0,,,0,0,0,0,0,,0,0,0,0,0,,30_990383#69#84.java,30_1546300#172#189.java,3558423,15117391,30
F,F,F,minor,minor,F,F,F,wrong,wrong,F,F,F,,,,F,,,,0,0,0,0,0,,0,0,0,0,0,,,0,0,0,0,0,,0,0,0,0,0,,30_1935035#167#199.java,30_1697006#206#260.java,4100610,4975455,30
F,F,F,incomplete,incomplete,T,T,T,major,major,#,#,#,F,F,F,F,,,,0,0,0,0,0,,0,0,0,0,0,,,0,0,0,0,0,,0,0,0,0,0,,30_1430943#542#562.java,30_724667#125#154.java,4238701,9178865,30
F,F,F,incomplete,minor,F,F,F,wrong,wrong,F,F,F,,,,F,,,,0,0,0,0,0,,0,0,0,0,0,,,0,0,0,0,0,,0,0,0,0,0,,30_453115#243#267.java,30_1876076#260#277.java,4475917,11901849,30
F,F,F,incomplete,incomplete,F,F,T,wrong,major,F,F,#,,,,F,,,,0,0,0,0,0,,0,0,0,0,0,,,0,0,0,0,0,,0,0,0,0,0,,30_1716001#87#95.java,30_308500#153#177.java,4603387,8872156,30
F,F,F,incomplete,minor,F,T,T,major,major,F,#,#,,,,F,,,,0,0,0,0,0,,0,0,0,0,0,,,0,0,0,0,0,,0,0,0,0,0,,30_2422584#127#153.java,30_1530957#233#261.java,5148837,14787150,30
F,T,T,major,major,F,T,F,major,wrong,F,T,#,,,,F,,,,0,0,0,0,0,,0,0,0,0,0,,,0,0,0,0,0,,0,0,0,0,0,,30_1407273#31#83.java,30_2667874#322#330.java,5150160,15070342,30
F,F,F,minor,incomplete,F,T,F,major,minor,F,#,F,,,,F,,,,0,0,0,0,0,,0,0,0,0,0,,,0,0,0,0,0,,0,0,0,0,0,,30_1408524#92#121.java,30_1716203#442#447.java,5266364,8936654,30
F,T,F,major,incomplete,F,T,F,major,minor,F,T,F,,,,F,,,,0,0,0,0,0,,0,0,0,0,0,,,0,0,0,0,0,,0,0,0,0,0,,30_80468#133#174.java,30_2665309#555#572.java,5451660,5951122,30
F,F,F,incomplete,incomplete,F,T,F,major,wrong,F,#,F,,,,F,,,,0,0,0,0,0,,0,0,0,0,0,,,0,0,0,0,0,,0,0,0,0,0,,30_2658391#661#685.java,30_1901682#89#185.java,5833848,6991541,30
F,F,F,minor,incomplete,F,F,T,wrong,major,F,F,#,,,,F,,,,0,0,0,0,0,,0,0,0,0,0,,,0,0,0,0,0,,0,0,0,0,0,,30_2349223#111#169.java,30_1683509#109#132.java,6977212,8182934,30
F,F,F,incomplete,minor,F,T,F,major,wrong,F,#,F,,,,F,,,,0,0,0,0,0,,0,0,0,0,0,,,0,0,0,0,0,,0,0,0,0,0,,30_1286176#257#276.java,30_962542#65#103.java,7297248,19073206,30
F,T,T,major,major,F,T,T,major,major,F,T,T,,,,F,,,,0,0,0,0,0,,0,0,0,0,0,,FT,100,100,100,100,100,FT,100,100,100,100,100,,30_2086614#39#61.java,30_1233879#77#101.java,7523125,16413924,30
F,F,F,minor,wrong,F,T,F,major,wrong,F,#,F,,,,F,,,,0,0,0,0,0,,0,0,0,0,0,,,0,0,0,0,0,,0,0,0,0,0,,30_2648211#231#276.java,30_1707856#152#164.java,7712421,23247094,30
F,F,F,incomplete,wrong,F,T,F,major,wrong,F,#,F,,,,F,,,,0,0,0,0,0,,0,0,0,0,0,,,0,0,0,0,0,,0,0,0,0,0,,30_1683509#109#132.java,30_2332106#29#50.java,8182934,10251387,30
F,F,T,incomplete,major,F,T,T,major,major,F,#,T,,,,F,,,,0,0,0,0,0,,0,0,0,0,0,,,0,0,0,0,0,,0,0,0,0,0,,30_1956548#110#117.java,30_1829162#85#106.java,8748737,11507331,30
F,F,F,minor,incomplete,F,F,T,wrong,major,F,F,#,,,,F,,,,0,0,0,0,0,,0,0,0,0,0,,,0,0,0,0,0,,0,0,0,0,0,,30_2492168#23#62.java,30_808653#137#163.java,9432205,21373262,30
F,F,F,incomplete,wrong,F,T,F,major,minor,F,#,F,,,,F,,,,0,0,0,0,0,,0,0,0,0,0,,,0,0,0,0,0,,0,0,0,0,0,,30_1065583#595#612.java,30_461715#412#434.java,9482315,11221463,30
F,F,F,incomplete,test,F,T,F,major,wrong,F,#,F,,,,F,,,,0,0,0,0,0,,0,0,0,0,0,,,0,0,0,0,0,,0,0,0,0,0,,30_2174748#103#118.java,30_187199#34#59.java,9891024,21830091,30
F,F,F,minor,incomplete,F,F,T,wrong,major,F,F,#,,,,F,,,,0,0,0,0,0,,0,0,0,0,0,,,0,0,0,0,0,,0,0,0,0,0,,30_1724840#491#771.java,30_907471#115#139.java,9966762,21106542,30
F,F,T,minor,major,F,F,T,wrong,major,F,F,T,,,,F,,,,0,0,0,0,0,,0,0,0,0,0,,,0,0,0,0,0,,0,0,0,0,0,,30_2011099#624#696.java,30_1459635#22#40.java,10110987,22571889,30
F,F,F,incomplete,incomplete,F,T,T,major,major,F,#,#,,,,F,,,,0,0,0,0,0,,0,0,0,0,0,,,0,0,0,0,0,,0,0,0,0,0,,30_128573#423#450.java,30_240905#233#255.java,10119444,21076256,30
F,T,T,major,major,F,T,T,major,major,F,T,T,,,,F,,,,0,0,0,0,0,,0,0,0,0,0,,,0,0,0,0,0,,0,0,0,0,0,,30_1172615#134#150.java,30_452569#154#170.java,10337387,20953665,30
F,F,F,incomplete,minor,T,T,T,major,major,#,#,#,F,F,F,F,,,,0,0,0,0,0,,0,0,0,0,0,,,0,0,0,0,0,,0,0,0,0,0,,30_1830095#798#821.java,30_2307606#154#193.java,10927176,18075531,30
F,F,T,minor,major,F,F,T,wrong,major,F,F,T,,,,F,,,,0,0,0,0,0,,0,0,0,0,0,,,0,0,0,0,0,,0,0,0,0,0,,30_1967105#53#94.java,30_328591#37#69.java,13657103,15796840,30
F,T,T,major,major,F,T,F,major,minor,F,T,#,,,,F,,,,0,0,0,0,0,,0,0,0,0,0,,,0,0,0,0,0,,0,0,0,0,0,,30_1810839#51#68.java,30_1233879#103#125.java,14729246,16413925,30
F,F,F,wrong,minor,F,F,T,wrong,major,F,F,#,,,,F,,,,0,0,0,0,0,,0,0,0,0,0,,,0,0,0,0,0,,0,0,0,0,0,,30_1257200#229#245.java,30_2468560#216#262.java,15376873,16305377,30
F,F,F,minor,incomplete,T,T,T,major,major,#,#,#,F,F,F,F,,,,0,0,0,0,0,,0,0,0,0,0,,,0,0,0,0,0,,0,0,0,0,0,,30_1883004#31#58.java,30_1720331#47#67.java,15497215,18536282,30
F,F,F,incomplete,wrong,F,T,F,major,wrong,F,#,F,,,,F,,,,0,0,0,0,0,,0,0,0,0,0,,,0,0,0,0,0,,0,0,0,0,0,,30_1233879#294#309.java,30_464694#450#468.java,16413934,22202498,30
F,F,F,minor,incomplete,F,T,T,major,major,F,#,#,,,,F,,,,0,0,0,0,0,,0,0,0,0,0,,,0,0,0,0,0,,0,0,0,0,0,,30_2555371#13#42.java,30_215734#58#75.java,17275229,17756308,30
F,F,F,minor,incomplete,F,F,T,wrong,major,F,F,#,,,,F,,,,0,0,0,0,0,,0,0,0,0,0,,,0,0,0,0,0,,0,0,0,0,0,,30_1269131#41#74.java,30_1449460#40#46.java,17299624,18395127,30
F,F,F,incomplete,wrong,T,T,T,major,major,#,#,#,F,F,F,F,,,,0,0,0,0,0,,0,0,0,0,0,,,0,0,0,0,0,,0,0,0,0,0,,30_2016637#141#157.java,30_330776#18#27.java,18988008,20814007,30
F,F,F,minor,minor,F,F,F,minor,minor,F,F,F,,,,F,,,,0,0,0,0,0,,0,0,0,0,0,,,0,0,0,0,0,,0,0,0,0,0,,31_69900#44#73.java,31_65062#252#280.java,47561,88624,31
F,T,F,major,minor,F,T,F,major,minor,F,T,F,,,,F,,,,0,0,0,0,0,,0,0,0,0,0,,,0,0,0,0,0,,0,0,0,0,0,,31_80254#343#349.java,31_32933#324#344.java,129404,201707,31
F,F,F,minor,minor,F,F,F,minor,minor,F,F,F,,,,F,,,,0,0,0,0,0,,0,0,0,0,0,,,0,0,0,0,0,,0,0,0,0,0,,31_76287#271#295.java,31_34305#89#114.java,145766,277689,31
F,F,F,minor,minor,F,F,F,minor,minor,F,F,F,,,,F,,,,0,0,0,0,0,,0,0,0,0,0,,,0,0,0,0,0,,0,0,0,0,0,,31_105865#72#124.java,31_80605#91#104.java,207608,232826,31
F,T,F,major,minor,F,T,F,major,minor,F,T,F,,,,F,,,,0,0,0,0,0,,0,0,0,0,0,,,0,0,0,0,0,,0,0,0,0,0,,31_77601#54#62.java,31_102268#525#556.java,288597,336194,31
F,T,T,major,major,F,T,F,major,minor,F,T,#,,,,F,,,,0,0,0,0,0,,0,0,0,0,0,,,0,0,0,0,0,,0,0,0,0,0,,32_1611137#33#62.java,32_2229231#873#915.java,3007651,3180576,32
F,F,F,minor,wrong,F,F,F,minor,minor,F,F,F,,,,F,,,,0,0,0,0,0,,0,0,0,0,0,,,0,0,0,0,0,,0,0,0,0,0,,33_1644774#278#308.java,33_6519#75#105.java,6087658,7715928,33
F,F,F,wrong,test,F,F,F,minor,minor,F,F,F,,,,F,,,,0,0,0,0,0,,0,0,0,0,0,,,0,0,0,0,0,,0,0,0,0,0,,33_2255804#66#72.java,33_784037#48#58.java,6222256,18244081,33
F,F,F,minor,minor,F,T,F,major,minor,F,#,F,,,,F,,,,0,0,0,0,0,,0,0,0,0,0,,,0,0,0,0,0,,0,0,0,0,0,,34_74632#61#83.java,34_2146112#47#75.java,127811,1319882,34
F,F,F,minor,minor,F,T,F,major,minor,F,#,F,,,,F,,,,0,0,0,0,0,,0,0,0,0,0,,,0,0,0,0,0,,0,0,0,0,0,,34_13941#14#26.java,34_133555#48#157.java,417681,575998,34
F,F,F,minor,minor,F,F,T,minor,major,F,F,#,,,,F,,,,0,0,0,0,0,,0,0,0,0,0,,,0,0,0,0,0,,0,0,0,0,0,,34_130255#13#30.java,34_1766700#56#76.java,445966,1281334,34
F,F,F,minor,minor,F,F,T,minor,major,F,F,#,,,,F,,,,0,0,0,0,0,,0,0,0,0,0,,,0,0,0,0,0,,0,0,0,0,0,,34_94689#48#157.java,34_90685#31#45.java,679416,689675,34
F,F,F,minor,minor,F,F,F,minor,minor,F,F,F,,,,F,,,,0,0,0,0,0,,0,0,0,0,0,,,0,0,0,0,0,,0,0,0,0,0,,34_2251050#135#169.java,34_1075911#31#75.java,990563,1245553,34
F,F,F,minor,minor,F,F,F,minor,minor,F,F,F,,,,F,,,,0,0,0,0,0,,0,0,0,0,0,,,0,0,0,0,0,,0,0,0,0,0,,35_109748#632#667.java,35_68056#53#166.java,19458,380998,35
F,F,F,minor,minor,F,T,F,major,minor,F,#,F,,,,F,,,,0,0,0,0,0,,0,0,0,0,0,,,0,0,0,0,0,,0,0,0,0,0,,35_41424#206#219.java,35_112669#9#38.java,29780,883346,35
F,F,F,minor,minor,F,F,F,minor,minor,F,F,F,,,,F,,,,0,0,0,0,0,,0,0,0,0,0,,,0,0,0,0,0,,0,0,0,0,0,,35_82635#27#32.java,35_582442#44#61.java,32681,1747592,35
F,F,F,minor,minor,F,F,F,minor,minor,F,F,F,,,,F,,,,0,0,0,0,0,,0,0,0,0,0,,,0,0,0,0,0,,0,0,0,0,0,,35_113275#239#291.java,35_93383#56#105.java,257008,607070,35
F,F,F,minor,minor,F,F,T,minor,major,F,F,#,,,,F,,,,0,0,0,0,0,,0,0,0,0,0,,,0,0,0,0,0,,0,0,0,0,0,,35_117109#53#166.java,35_644942#66#83.java,716975,1835322,35
F,T,F,major,minor,F,T,F,major,minor,F,T,F,,,,F,,,,0,0,0,0,0,,0,0,0,0,0,,,0,0,0,0,0,,0,0,0,0,0,,35_1878847#189#201.java,35_1732563#452#486.java,1022309,2280438,35
F,F,F,minor,minor,F,T,F,major,minor,F,#,F,,,,F,,,,0,0,0,0,0,,0,0,0,0,0,,,0,0,0,0,0,,0,0,0,0,0,,35_340619#54#76.java,35_4610#358#491.java,1072290,2160552,35
F,F,T,minor,major,T,T,T,major,major,#,#,T,F,T,,F,,,,0,0,0,0,0,,0,0,0,0,0,,,0,0,0,0,0,,0,0,0,0,0,,35_2127667#70#116.java,35_2735097#13#20.java,1227021,2343802,35
F,F,F,minor,minor,F,T,F,major,minor,F,#,F,,,,F,,,,0,0,0,0,0,,0,0,0,0,0,,,0,0,0,0,0,,0,0,0,0,0,,35_1071092#313#336.java,35_905806#66#83.java,1312834,3253463,35
F,T,F,major,minor,T,T,T,major,major,#,T,#,F,,T,F,,,,0,0,0,0,0,,0,0,0,0,0,,,0,0,0,0,0,,0,0,0,0,0,,35_2555404#55#67.java,35_2395829#324#344.java,1400007,2700546,35
F,F,T,minor,major,F,F,T,minor,major,F,F,T,,,,F,,,,0,0,0,0,0,,0,0,0,0,0,,,0,0,0,0,0,,0,0,0,0,0,,35_1799166#239#268.java,35_1198967#488#491.java,1710457,3088646,35
F,F,F,minor,minor,F,F,F,minor,minor,F,F,F,,,,F,,,,0,0,0,0,0,,0,0,0,0,0,,,0,0,0,0,0,,0,0,0,0,0,,35_2055062#76#100.java,35_1595712#433#492.java,1951198,2033582,35
F,F,F,minor,minor,F,F,T,minor,major,F,F,#,,,,F,,,,0,0,0,0,0,,0,0,0,0,0,,,0,0,0,0,0,,0,0,0,0,0,,35_4610#242#356.java,35_2468324#212#239.java,2160551,2455673,35
F,F,F,minor,minor,F,T,F,major,minor,F,#,F,,,,F,,,,0,0,0,0,0,,0,0,0,0,0,,,0,0,0,0,0,,0,0,0,0,0,,35_1618834#82#99.java,35_1923346#80#90.java,2395101,2684781,35
F,F,F,minor,minor,T,T,T,major,major,#,#,#,F,F,F,F,,,,0,0,0,0,0,,0,0,0,0,0,,,0,0,0,0,0,,0,0,0,0,0,,35_2424941#34#54.java,35_674717#671#684.java,2450510,3320586,35
F,F,F,minor,minor,F,F,T,minor,major,F,F,#,,,,F,,,,0,0,0,0,0,,0,0,0,0,0,,,0,0,0,0,0,,0,0,0,0,0,,35_2098589#714#778.java,35_2337867#23#34.java,2838636,3071191,35
F,T,F,major,minor,F,T,F,major,minor,F,T,F,,,,F,,,,0,0,0,0,0,,0,0,0,0,0,,,0,0,0,0,0,,0,0,0,0,0,,35_19885#54#62.java,35_905806#66#83.java,3022161,3253463,35
F,F,F,minor,minor,F,F,F,minor,minor,F,F,F,,,,F,,,,0,0,0,0,0,,0,0,0,0,0,,,0,0,0,0,0,,0,0,0,0,0,,36_39160#11#65.java,36_59171#63#112.java,52038,205372,36
F,T,F,major,minor,F,T,F,major,minor,F,T,F,,,,F,,,,0,0,0,0,0,,0,0,0,0,0,,,0,0,0,0,0,,0,0,0,0,0,,37_85171#145#156.java,37_92231#50#98.java,651340,807828,37
F,T,T,major,major,T,T,T,major,major,#,T,T,F,,,F,,,,0,0,0,0,0,,0,0,0,0,0,,,0,0,0,0,0,,0,0,0,0,0,,38_298673#22#42.java,38_2296872#1798#1817.java,2250620,10100183,38
T,T,T,major,major,T,T,T,major,major,T,T,T,,,,T,,,,100,100,100,100,100,,100,100,100,100,100,,,100,100,100,100,100,,100,100,100,100,100,,39_663926#18#30.java,39_2661115#163#180.java,1977983,3008659,39
F,F,F,wrong,wrong,F,F,F,incomplete,incomplete,F,F,F,,,,F,,,,0,0,0,0,0,,0,0,0,0,0,,,0,0,0,0,0,,0,0,0,0,0,,40_15989#37#140.java,40_105026#94#117.java,334856,458944,40
F,F,T,wrong,major,F,F,F,minor,minor,F,F,#,,,,F,,,,0,0,0,0,0,,0,0,0,0,0,,,0,0,0,0,0,,0,0,0,0,0,,41_669247#34#91.java,41_1284938#237#251.java,2190595,15564947,41
F,F,T,wrong,major,F,F,T,wrong,major,F,F,T,,,,F,,,,0,0,0,0,0,,0,0,0,0,0,,,0,0,0,0,0,,0,0,0,0,0,,41_892239#200#224.java,41_1037902#112#118.java,2889849,5430071,41
F,F,T,wrong,major,F,F,T,wrong,major,F,F,T,,,,F,,,,0,0,0,0,0,,0,0,0,0,0,,,0,0,0,0,0,,0,0,0,0,0,,41_862665#113#128.java,41_1847721#40#47.java,5695118,10869540,41
F,T,F,major,wrong,F,T,F,major,minor,F,T,F,,,,F,,,,0,0,0,0,0,,0,0,0,0,0,,,0,0,0,0,0,,0,0,0,0,0,,41_551360#627#637.java,41_857233#88#102.java,6689657,10380189,41
F,F,T,minor,major,F,F,T,minor,major,F,F,T,,,,F,,,,0,0,0,0,0,,0,0,0,0,0,,,0,0,0,0,0,,0,0,0,0,0,,41_1446996#69#149.java,41_125669#148#152.java,10929260,17186355,41
F,T,F,major,minor,F,T,F,major,minor,F,T,F,,,,F,,,,0,0,0,0,0,,0,0,0,0,0,,,0,0,0,0,0,,0,0,0,0,0,,41_2727594#375#384.java,41_2543124#10#43.java,13728120,14212193,41
F,F,F,minor,minor,F,F,F,minor,minor,F,F,F,,,,F,,,,0,0,0,0,0,,0,0,0,0,0,,,0,0,0,0,0,,0,0,0,0,0,,42_1614157#216#235.java,42_1564011#85#99.java,3618880,22162035,42
F,F,F,minor,minor,F,F,F,minor,minor,F,F,F,,,,F,,,,0,0,0,0,0,,0,0,0,0,0,,,0,0,0,0,0,,0,0,0,0,0,,42_2706639#50#87.java,42_1274755#232#269.java,5328582,14689219,42
F,F,F,minor,minor,F,F,F,minor,minor,F,F,F,,,,F,,,,0,0,0,0,0,,0,0,0,0,0,,,0,0,0,0,0,,0,0,0,0,0,,42_1670244#27#54.java,42_546923#137#148.java,6600715,12210424,42
F,F,F,minor,minor,F,F,F,minor,minor,F,F,F,,,,F,,,,0,0,0,0,0,,0,0,0,0,0,,,0,0,0,0,0,,0,0,0,0,0,,42_310619#109#132.java,42_1619643#135#149.java,7652062,21715632,42
F,F,F,minor,minor,F,F,F,minor,minor,F,F,F,,,,F,,,,0,0,0,0,0,,0,0,0,0,0,,,0,0,0,0,0,,0,0,0,0,0,,42_720500#68#195.java,42_911810#28#151.java,9349770,20397066,42
F,F,F,minor,minor,F,F,F,minor,minor,F,F,F,,,,F,,,,0,0,0,0,0,,0,0,0,0,0,,,0,0,0,0,0,,0,0,0,0,0,,42_2055704#257#268.java,42_1571038#87#102.java,13945476,15724433,42
T,T,T,major,major,F,F,F,minor,minor,#,#,#,F,,,F,,,,0,0,0,0,0,FT,100,100,100,100,100,W,,0,0,0,0,0,,0,0,0,0,0,,43_1565465#1067#1103.java,43_1946653#63#79.java,4603629,9142924,43
T,T,T,major,major,T,T,T,major,major,T,T,T,,,,T,F,bug,TF,0,0,0,0,0,TF,0,0,0,0,0,,TF,0,0,0,0,0,TF,0,0,0,0,0,,44_12148#6#11.java,44_253634#5#18.java,311165,4758170,44
F,F,F,minor,minor,F,F,F,minor,minor,F,F,F,,,,F,,,,0,0,0,0,0,,0,0,0,0,0,,,0,0,0,0,0,,0,0,0,0,0,,45_350093#21#66.java,45_712642#294#347.java,1164953,2165944,45
25,100,108,100,108,63,156,167,156,167,23,97,99,4,,,27,,,9,21,17,TT,,,10,23,16,TT,,,,10,23,16,TT,,,12,21,14,TT,,,,,,,,
381,306,298,0,0,343,250,239,0,0,341,247,230,38,,,379,,,3,385,375,FF,,,6,383,372,FF,,,,6,383,372,FF,,,4,385,370,FF,,,,,,,,
0,0,0,0,0,0,0,0,0,0,42,62,77,,,,,,,1,,10,TF,,,1,,11,TF,,,,1,,11,TF,,,3,,15,TF,,,,,,,,
,,,,,,,,,,,,,,,,,,,,,4,FT,,,,,7,FT,,,,,,7,FT,,,,,7,FT,,,,,,,,